UID,iso2,iso3,code3,confirmed_us,confirmed_death_us
84001001,US,USA,840,6926,108
84001003,US,USA,840,21154,308
84001005,US,USA,840,2310,57
84001007,US,USA,840,2609,64
84001009,US,USA,840,6678,137
84001011,US,USA,840,1228,41
84001013,US,USA,840,2160,69
84001015,US,USA,840,14511,314
84001017,US,USA,840,3573,123
84001019,US,USA,840,1852,45
84001021,US,USA,840,4296,112
84001023,US,USA,840,607,24
84001025,US,USA,840,3511,61
84001027,US,USA,840,1567,56
84001029,US,USA,840,1489,41
84001031,US,USA,840,5519,119
84001033,US,USA,840,6306,134
84001035,US,USA,840,1105,29
84001037,US,USA,840,1076,28
84001039,US,USA,840,4129,118
84001041,US,USA,840,1525,57
84001043,US,USA,840,9676,194
84001045,US,USA,840,4838,111
84001047,US,USA,840,3551,152
84001049,US,USA,840,8831,186
84001051,US,USA,840,10068,205
84001053,US,USA,840,3936,77
84001055,US,USA,840,13843,353
84001057,US,USA,840,2125,62
84001059,US,USA,840,4260,82
84001061,US,USA,840,2504,77
84001063,US,USA,840,925,34
84001065,US,USA,840,2230,77
84001067,US,USA,840,1888,44
84001069,US,USA,840,10570,281
84001071,US,USA,840,6814,112
84001073,US,USA,840,76550,1522
84001075,US,USA,840,1425,35
84001077,US,USA,840,9427,241
84001079,US,USA,840,3003,98
84001081,US,USA,840,15882,171
84001083,US,USA,840,9974,151
84001085,US,USA,840,1388,53
84001087,US,USA,840,1596,50
84001089,US,USA,840,34789,503
84001091,US,USA,840,2495,64
84001093,US,USA,840,3122,101
84001095,US,USA,840,12232,223
84001097,US,USA,840,41036,805
84001099,US,USA,840,1775,40
84001101,US,USA,840,24340,589
84001103,US,USA,840,14306,279
84080001,US,USA,840,0,0
84001105,US,USA,840,1077,26
84001107,US,USA,840,2344,61
84001109,US,USA,840,3109,77
84001111,US,USA,840,1805,42
84001113,US,USA,840,4415,38
84001117,US,USA,840,23449,249
84001115,US,USA,840,9661,243
84001119,US,USA,840,1047,32
84001121,US,USA,840,8227,176
84001123,US,USA,840,4023,152
84001125,US,USA,840,25788,453
84090001,US,USA,840,0,0
84001127,US,USA,840,7241,277
84001129,US,USA,840,1673,39
84001131,US,USA,840,1271,30
84001133,US,USA,840,2744,73
84002013,US,USA,840,367,3
84002016,US,USA,840,698,1
84002020,US,USA,840,30493,176
84002050,US,USA,840,3885,21
84002060,US,USA,840,0,0
84002164,US,USA,840,197,0
84002063,US,USA,840,405,3
84002066,US,USA,840,244,0
84002068,US,USA,840,103,0
84002070,US,USA,840,229,2
84002090,US,USA,840,7878,39
84002100,US,USA,840,31,0
84002105,US,USA,840,0,0
84002110,US,USA,840,1419,5
84002122,US,USA,840,4512,22
84002130,US,USA,840,514,2
84002150,US,USA,840,1113,5
84002158,US,USA,840,1284,4
84002170,US,USA,840,11601,49
84002180,US,USA,840,361,0
84002185,US,USA,840,1083,4
84002188,US,USA,840,619,2
84080002,US,USA,840,0,0
84002195,US,USA,840,170,1
84002198,US,USA,840,111,1
84002220,US,USA,840,359,1
84002230,US,USA,840,21,0
84002240,US,USA,840,691,4
84090002,US,USA,840,291,0
84002261,US,USA,840,0,0
84002275,US,USA,840,57,0
84002282,US,USA,840,78,2
84002290,US,USA,840,364,4
16,AS,ASM,16,0,0
84004001,US,USA,840,11360,429
84004003,US,USA,840,11971,283
84004005,US,USA,840,17863,330
84004007,US,USA,840,6926,228
84004009,US,USA,840,5569,80
84004011,US,USA,840,573,10
84004012,US,USA,840,2460,80
84004013,US,USA,840,542486,9932
84004015,US,USA,840,22819,723
84004017,US,USA,840,16309,535
84080004,US,USA,840,0,0
84004019,US,USA,840,115872,2407
84004021,US,USA,840,51934,876
84004023,US,USA,840,7940,176
84090004,US,USA,840,0,0
84004025,US,USA,840,18919,505
84004027,US,USA,840,37154,834
84005001,US,USA,840,2105,36
84005003,US,USA,840,2013,34
84005005,US,USA,840,3177,104
84005007,US,USA,840,29029,415
84005009,US,USA,840,3829,80
84005011,US,USA,840,1392,32
84005013,US,USA,840,411,3
84005015,US,USA,840,2808,45
84005017,US,USA,840,1615,41
84005019,US,USA,840,2113,41
84005021,US,USA,840,1767,50
84005023,US,USA,840,1980,74
84005025,US,USA,840,953,25
84005027,US,USA,840,2349,56
84005029,US,USA,840,2226,32
84005031,US,USA,840,13460,180
84005033,US,USA,840,7078,119
84005035,US,USA,840,6070,96
84005037,US,USA,840,1948,50
84005039,US,USA,840,758,15
84005041,US,USA,840,1361,24
84005043,US,USA,840,2002,44
84005045,US,USA,840,12620,161
84005047,US,USA,840,1691,39
84005049,US,USA,840,1125,47
84005051,US,USA,840,10152,259
84005053,US,USA,840,1649,32
84005055,US,USA,840,6119,77
84005057,US,USA,840,2004,20
84005059,US,USA,840,5125,72
84005061,US,USA,840,1655,25
84005063,US,USA,840,3762,124
84005065,US,USA,840,1681,41
84005067,US,USA,840,3223,38
84005069,US,USA,840,8898,166
84005071,US,USA,840,2920,38
84005073,US,USA,840,546,9
84005075,US,USA,840,2119,43
84005077,US,USA,840,1683,34
84005079,US,USA,840,3204,48
84005081,US,USA,840,1241,42
84005083,US,USA,840,2237,22
84005085,US,USA,840,7353,119
84005087,US,USA,840,1457,23
84005089,US,USA,840,1055,30
84005091,US,USA,840,4319,38
84005093,US,USA,840,5856,107
84005095,US,USA,840,868,17
84005097,US,USA,840,755,33
84005099,US,USA,840,827,24
84005101,US,USA,840,728,26
84005103,US,USA,840,2311,62
84080005,US,USA,840,0,0
84005105,US,USA,840,840,10
84005107,US,USA,840,1835,40
84005109,US,USA,840,1012,22
84005111,US,USA,840,3167,77
84005113,US,USA,840,1990,72
84005115,US,USA,840,8060,107
84005117,US,USA,840,895,21
84005119,US,USA,840,39229,660
84005121,US,USA,840,2124,47
84005125,US,USA,840,11955,167
84005127,US,USA,840,938,14
84005129,US,USA,840,685,18
84005131,US,USA,840,15224,278
84005133,US,USA,840,2790,24
84005135,US,USA,840,1603,46
84005123,US,USA,840,3591,42
84005137,US,USA,840,991,30
84090005,US,USA,840,2854,0
84005139,US,USA,840,4017,114
84005141,US,USA,840,1307,23
84005143,US,USA,840,30995,350
84005145,US,USA,840,8008,118
84005147,US,USA,840,648,13
84005149,US,USA,840,3434,65
84006001,US,USA,840,87733,1551
84006003,US,USA,840,88,0
84006005,US,USA,840,3657,47
84006007,US,USA,840,11993,199
84006009,US,USA,840,2129,54
84006011,US,USA,840,2233,16
84006013,US,USA,840,68689,806
84006015,US,USA,840,1390,8
84006017,US,USA,840,10154,113
84006019,US,USA,840,101755,1682
84006021,US,USA,840,2384,25
84006023,US,USA,840,3984,40
84006025,US,USA,840,28397,722
84006027,US,USA,840,1428,38
84006029,US,USA,840,109101,1373
84006031,US,USA,840,22981,246
84006033,US,USA,840,3471,43
84006035,US,USA,840,5701,24
84006037,US,USA,840,1235999,24030
84006039,US,USA,840,16450,242
84006041,US,USA,840,14054,228
84006043,US,USA,840,447,7
84006045,US,USA,840,4078,49
84006047,US,USA,840,31859,460
84006049,US,USA,840,498,4
84006051,US,USA,840,1284,4
84006053,US,USA,840,43601,383
84006055,US,USA,840,9866,81
84006057,US,USA,840,4739,75
84006059,US,USA,840,270883,5017
84080006,US,USA,840,0,0
84006061,US,USA,840,22635,292
84006063,US,USA,840,710,6
84006065,US,USA,840,299376,4590
84006067,US,USA,840,104610,1678
84006069,US,USA,840,6060,63
84006071,US,USA,840,296700,4707
84006073,US,USA,840,278307,3725
84006075,US,USA,840,36683,543
84006077,US,USA,840,73180,1391
84006079,US,USA,840,21307,260
84006081,US,USA,840,41926,568
84006083,US,USA,840,34328,456
84006085,US,USA,840,118974,2088
84006087,US,USA,840,16246,206
84006089,US,USA,840,12148,226
84006091,US,USA,840,112,0
84006093,US,USA,840,2216,23
84006095,US,USA,840,32880,250
84006097,US,USA,840,30012,318
84006099,US,USA,840,62058,1058
84006101,US,USA,840,9426,111
84006103,US,USA,840,5572,62
84006105,US,USA,840,400,5
84006107,US,USA,840,49613,839
84006109,US,USA,840,4130,66
84090006,US,USA,840,35,0
84006111,US,USA,840,80949,1012
84006113,US,USA,840,13898,209
84006115,US,USA,840,6262,46
84008001,US,USA,840,57906,674
84008003,US,USA,840,1530,31
84008005,US,USA,840,59358,718
84008007,US,USA,840,946,1
84008009,US,USA,840,299,4
84008011,US,USA,840,1531,21
84008013,US,USA,840,23275,232
84008014,US,USA,840,4783,75
84008015,US,USA,840,1659,25
84008017,US,USA,840,128,6
84008019,US,USA,840,446,3
84008021,US,USA,840,568,11
84008023,US,USA,840,215,3
84008025,US,USA,840,2189,15
84008027,US,USA,840,198,1
84008029,US,USA,840,2703,61
84008031,US,USA,840,71793,812
84008033,US,USA,840,85,0
84008035,US,USA,840,28646,237
84008037,US,USA,840,6279,22
84008041,US,USA,840,66538,803
84008039,US,USA,840,1735,13
84008043,US,USA,840,6239,56
84008045,US,USA,840,5825,38
84008047,US,USA,840,237,3
84008049,US,USA,840,1470,6
84008051,US,USA,840,1333,6
84008053,US,USA,840,18,0
84008055,US,USA,840,413,17
84008057,US,USA,840,58,0
84008059,US,USA,840,46500,760
84008061,US,USA,840,95,3
84008063,US,USA,840,616,11
84008067,US,USA,840,3927,39
84008065,US,USA,840,787,0
84008069,US,USA,840,26171,235
84008071,US,USA,840,1129,12
84008073,US,USA,840,1026,4
84008075,US,USA,840,3958,67
84008077,US,USA,840,14807,216
84008079,US,USA,840,89,1
84008081,US,USA,840,780,22
84008083,US,USA,840,1914,24
84008085,US,USA,840,3467,58
84008087,US,USA,840,2643,94
84008089,US,USA,840,2005,66
84008091,US,USA,840,284,3
84080008,US,USA,840,0,0
84008093,US,USA,840,756,5
84008095,US,USA,840,379,13
84008097,US,USA,840,2585,4
84008099,US,USA,840,1234,21
84008101,US,USA,840,18566,388
84008103,US,USA,840,570,4
84008105,US,USA,840,801,14
84008107,US,USA,840,2204,20
84008109,US,USA,840,386,4
84008111,US,USA,840,45,0
84008113,US,USA,840,877,0
84008115,US,USA,840,226,2
84008117,US,USA,840,3702,7
84008119,US,USA,840,1718,15
84090008,US,USA,840,67,0
84008121,US,USA,840,454,12
84008123,US,USA,840,31395,336
84008125,US,USA,840,908,17
84009001,US,USA,840,99238,2175
84009003,US,USA,840,82983,2404
84009005,US,USA,840,14500,294
84009007,US,USA,840,12645,366
84009009,US,USA,840,90949,2092
84009011,US,USA,840,22234,446
84080009,US,USA,840,0,0
84009013,US,USA,840,9469,185
84090009,US,USA,840,1179,1
84009015,US,USA,840,10757,193
84010001,US,USA,840,17722,340
84010003,US,USA,840,62862,815
84080010,US,USA,840,0,0
84010005,US,USA,840,25537,489
84090010,US,USA,840,220,0
84088888,US,USA,840,49,0
84011001,US,USA,840,48282,1113
84080011,US,USA,840,0,0
84090011,US,USA,840,0,0
84012001,US,USA,840,24942,278
84012003,US,USA,840,3503,60
84012005,US,USA,840,20278,390
84012007,US,USA,840,3019,56
84012009,US,USA,840,41841,877
84012011,US,USA,840,240479,2965
84012013,US,USA,840,1695,44
84012015,US,USA,840,12991,424
84012017,US,USA,840,11185,453
84012019,US,USA,840,18772,342
84012021,US,USA,840,36129,536
84012023,US,USA,840,8147,169
84012027,US,USA,840,4350,93
84012029,US,USA,840,1614,24
84012031,US,USA,840,98730,1419
84012033,US,USA,840,36230,692
84012035,US,USA,840,7348,110
84012037,US,USA,840,1330,17
84012039,US,USA,840,5696,99
84012041,US,USA,840,1615,44
84012043,US,USA,840,958,19
84012045,US,USA,840,1968,43
84012047,US,USA,840,1629,25
84012049,US,USA,840,3171,44
84012051,US,USA,840,4750,83
84012053,US,USA,840,14124,468
84012055,US,USA,840,8607,357
84012057,US,USA,840,138598,1747
84012059,US,USA,840,2264,49
84012061,US,USA,840,12584,302
84012063,US,USA,840,6239,157
84012065,US,USA,840,1494,27
84012067,US,USA,840,1620,26
84012069,US,USA,840,29932,638
84012071,US,USA,840,71399,977
84012073,US,USA,840,32167,319
84012075,US,USA,840,3464,54
84012077,US,USA,840,1075,16
84012079,US,USA,840,2070,45
84012081,US,USA,840,38982,678
84012083,US,USA,840,31324,963
84012085,US,USA,840,12398,319
84012086,US,USA,840,491703,6273
84012087,US,USA,840,6998,49
84012089,US,USA,840,8417,125
84012091,US,USA,840,20622,363
84012093,US,USA,840,4036,89
84012095,US,USA,840,139339,1274
84012097,US,USA,840,45071,513
84080012,US,USA,840,0,0
84012099,US,USA,840,145657,2801
84012101,US,USA,840,41776,768
84012103,US,USA,840,80044,1635
84012105,US,USA,840,69261,1337
84012107,US,USA,840,6544,150
84012113,US,USA,840,18266,290
84012115,US,USA,840,32997,825
84012117,US,USA,840,34382,501
84012109,US,USA,840,22769,211
84012111,US,USA,840,26637,640
84012119,US,USA,840,9364,278
84012121,US,USA,840,5342,138
84012123,US,USA,840,2738,47
84090012,US,USA,840,3229,0
84012125,US,USA,840,1831,73
84012127,US,USA,840,43615,808
84012129,US,USA,840,3469,56
84012131,US,USA,840,7811,87
84012133,US,USA,840,2736,52
84013001,US,USA,840,2313,71
84013003,US,USA,840,1027,20
84013005,US,USA,840,1637,36
84013007,US,USA,840,231,9
84013009,US,USA,840,4510,128
84013011,US,USA,840,1825,36
84013013,US,USA,840,9978,138
84013015,US,USA,840,14655,223
84013017,US,USA,840,2086,79
84013019,US,USA,840,1844,44
84013021,US,USA,840,15846,447
84013023,US,USA,840,1452,51
84013025,US,USA,840,1626,37
84013027,US,USA,840,1393,47
84013029,US,USA,840,3637,39
84013031,US,USA,840,6806,114
84013033,US,USA,840,2576,60
84013035,US,USA,840,3137,83
84013037,US,USA,840,585,15
84013039,US,USA,840,3953,36
84013043,US,USA,840,945,66
84013045,US,USA,840,11366,241
84013047,US,USA,840,6388,70
84013049,US,USA,840,1447,33
84013051,US,USA,840,23205,454
84013053,US,USA,840,4007,15
84013055,US,USA,840,2828,71
84013057,US,USA,840,31014,319
84013059,US,USA,840,15042,144
84013061,US,USA,840,238,3
84013063,US,USA,840,26710,479
84013065,US,USA,840,984,26
84013067,US,USA,840,78529,1054
84013069,US,USA,840,5293,170
84013071,US,USA,840,4681,120
84013073,US,USA,840,16893,204
84013075,US,USA,840,1824,43
84013077,US,USA,840,14109,218
84013079,US,USA,840,661,19
84013081,US,USA,840,2089,80
84013083,US,USA,840,1420,14
84013085,US,USA,840,3059,43
84013089,US,USA,840,65929,1007
84013087,US,USA,840,2931,70
84013091,US,USA,840,2103,102
84013093,US,USA,840,1074,46
84013095,US,USA,840,7562,303
84013097,US,USA,840,15229,223
84013099,US,USA,840,1174,49
84013101,US,USA,840,471,9
84013103,US,USA,840,4603,68
84013105,US,USA,840,2284,72
84013107,US,USA,840,2553,81
84013109,US,USA,840,962,29
84013111,US,USA,840,2382,72
84013113,US,USA,840,8974,169
84013115,US,USA,840,11956,227
84013117,US,USA,840,22455,192
84013119,US,USA,840,2658,52
84013121,US,USA,840,97343,1387
84013123,US,USA,840,2966,84
84013125,US,USA,840,264,19
84013127,US,USA,840,8167,173
84013129,US,USA,840,8146,115
84013131,US,USA,840,2166,60
84013133,US,USA,840,1824,64
84013135,US,USA,840,101562,1154
84013137,US,USA,840,5060,162
84013139,US,USA,840,27268,470
84013141,US,USA,840,910,65
84013143,US,USA,840,2638,83
84013145,US,USA,840,2557,59
84013147,US,USA,840,2356,53
84013149,US,USA,840,879,20
84013151,US,USA,840,25269,327
84013153,US,USA,840,14631,255
84013155,US,USA,840,910,29
84013157,US,USA,840,9836,151
84013159,US,USA,840,1402,39
84013161,US,USA,840,1891,44
84013163,US,USA,840,1947,66
84013165,US,USA,840,853,44
84013167,US,USA,840,1117,49
84013169,US,USA,840,2012,57
84013171,US,USA,840,2044,57
84013173,US,USA,840,782,13
84013175,US,USA,840,5565,167
84013177,US,USA,840,2741,58
84013179,US,USA,840,4013,63
84013181,US,USA,840,817,26
84013183,US,USA,840,860,12
84013185,US,USA,840,12696,210
84013187,US,USA,840,2962,72
84013193,US,USA,840,877,31
84013195,US,USA,840,3238,56
84013197,US,USA,840,564,19
84013189,US,USA,840,2496,48
84013191,US,USA,840,862,16
84013199,US,USA,840,2008,85
84013201,US,USA,840,855,13
84013205,US,USA,840,2081,82
84013207,US,USA,840,2641,100
84013209,US,USA,840,890,23
84013211,US,USA,840,2120,30
84013213,US,USA,840,4943,86
84013215,US,USA,840,16389,459
84013217,US,USA,840,11124,242
84013219,US,USA,840,4010,73
84013221,US,USA,840,1476,29
84080013,US,USA,840,29427,638
84013223,US,USA,840,16863,216
84013225,US,USA,840,2644,59
84013227,US,USA,840,3429,79
84013229,US,USA,840,2473,57
84013231,US,USA,840,2277,40
84013233,US,USA,840,5640,95
84013235,US,USA,840,927,44
84013237,US,USA,840,2187,56
84013239,US,USA,840,168,2
84013241,US,USA,840,1744,49
84013243,US,USA,840,627,34
84013245,US,USA,840,24683,509
84013247,US,USA,840,7653,171
84013249,US,USA,840,351,5
84013251,US,USA,840,988,31
84013253,US,USA,840,954,19
84013255,US,USA,840,6287,189
84013257,US,USA,840,3107,83
84013259,US,USA,840,891,25
84013261,US,USA,840,2562,101
84013263,US,USA,840,479,18
84013265,US,USA,840,123,3
84013267,US,USA,840,2312,66
84013269,US,USA,840,798,25
84013271,US,USA,840,1305,57
84013273,US,USA,840,809,48
84013275,US,USA,840,4448,123
84013277,US,USA,840,4900,126
84013279,US,USA,840,3405,113
84013281,US,USA,840,1228,56
84013283,US,USA,840,842,27
84013285,US,USA,840,7523,225
84013287,US,USA,840,1023,39
84013289,US,USA,840,722,44
84090013,US,USA,840,3161,12
84013291,US,USA,840,2226,74
84013293,US,USA,840,3466,126
84013295,US,USA,840,7488,86
84013297,US,USA,840,10601,259
84013299,US,USA,840,4871,178
84013301,US,USA,840,532,17
84013303,US,USA,840,2044,86
84013305,US,USA,840,3591,88
84013307,US,USA,840,145,4
84013309,US,USA,840,627,24
84013311,US,USA,840,3177,80
84013313,US,USA,840,16850,245
84013315,US,USA,840,824,47
84013317,US,USA,840,1081,28
84013319,US,USA,840,924,28
84013321,US,USA,840,1792,68
84099999,US,USA,840,103,3
316,GU,GUM,316,8044,139
84015001,US,USA,840,2798,53
84015003,US,USA,840,26165,377
84015005,US,USA,840,0,0
84015007,US,USA,840,306,2
84015009,US,USA,840,4454,53
84080015,US,USA,840,1147,3
84090015,US,USA,840,0,0
84016001,US,USA,840,52090,464
84016003,US,USA,840,340,4
84016005,US,USA,840,8771,107
84016007,US,USA,840,382,2
84016009,US,USA,840,685,9
84016011,US,USA,840,4824,74
84016013,US,USA,840,2378,18
84016015,US,USA,840,357,2
84016017,US,USA,840,3242,42
84016019,US,USA,840,14882,167
84016021,US,USA,840,868,10
84016023,US,USA,840,210,1
84016025,US,USA,840,71,0
84016027,US,USA,840,26730,295
84016029,US,USA,840,692,12
84016031,US,USA,840,2940,27
84016033,US,USA,840,59,0
84016035,US,USA,840,1050,13
84016037,US,USA,840,248,3
84016039,US,USA,840,2008,15
84016041,US,USA,840,1182,16
84016043,US,USA,840,1132,14
84016045,US,USA,840,1772,38
84016047,US,USA,840,1311,24
84016049,US,USA,840,1219,18
84016051,US,USA,840,3002,28
84016053,US,USA,840,2603,23
84016055,US,USA,840,18051,208
84016057,US,USA,840,3140,10
84016059,US,USA,840,527,9
84016061,US,USA,840,396,9
84016063,US,USA,840,506,11
84016065,US,USA,840,7191,28
84016067,US,USA,840,2339,32
84016069,US,USA,840,3625,54
84016071,US,USA,840,362,4
84080016,US,USA,840,0,0
84016073,US,USA,840,1066,29
84016075,US,USA,840,2558,37
84016077,US,USA,840,654,9
84016079,US,USA,840,1113,34
84016081,US,USA,840,1220,4
84016083,US,USA,840,9512,127
84090016,US,USA,840,0,0
84016085,US,USA,840,838,6
84016087,US,USA,840,1215,21
84017001,US,USA,840,8421,123
84017003,US,USA,840,467,11
84017005,US,USA,840,2042,24
84017007,US,USA,840,6680,72
84017009,US,USA,840,703,6
84017011,US,USA,840,3705,82
84017013,US,USA,840,518,2
84017015,US,USA,840,1749,36
84017017,US,USA,840,1983,25
84017019,US,USA,840,20563,145
84017021,US,USA,840,3650,73
84017023,US,USA,840,1791,33
84017025,US,USA,840,1481,43
84017027,US,USA,840,5754,90
84017029,US,USA,840,5670,94
84017031,US,USA,840,543658,10080
84017033,US,USA,840,2114,26
84017035,US,USA,840,1291,19
84017039,US,USA,840,1505,24
84017037,US,USA,840,9838,119
84017041,US,USA,840,2583,35
84017043,US,USA,840,90266,1277
84017045,US,USA,840,1696,39
84017047,US,USA,840,569,12
84017049,US,USA,840,4727,72
84017051,US,USA,840,3168,55
84017053,US,USA,840,1776,46
84017055,US,USA,840,4443,74
84017057,US,USA,840,3903,55
84017059,US,USA,840,458,4
84017061,US,USA,840,1436,33
84017063,US,USA,840,5866,75
84017065,US,USA,840,831,15
84017067,US,USA,840,1755,31
84017069,US,USA,840,386,12
84017071,US,USA,840,525,14
84017073,US,USA,840,4937,63
84017075,US,USA,840,2999,66
84017077,US,USA,840,5006,64
84017079,US,USA,840,1150,18
84017081,US,USA,840,4281,120
84017083,US,USA,840,2689,49
84017085,US,USA,840,1806,24
84017087,US,USA,840,1432,15
84017089,US,USA,840,58192,769
84017091,US,USA,840,14120,209
84017093,US,USA,840,12973,93
84017095,US,USA,840,5537,142
84017099,US,USA,840,12488,243
84017097,US,USA,840,66984,986
84017101,US,USA,840,2404,25
84017103,US,USA,840,4153,52
84017105,US,USA,840,4812,85
84017107,US,USA,840,3859,57
84017115,US,USA,840,10715,198
84017117,US,USA,840,4686,81
84017119,US,USA,840,30439,518
84017121,US,USA,840,4467,115
84017123,US,USA,840,1064,18
84017125,US,USA,840,1501,45
84017127,US,USA,840,1336,40
84017109,US,USA,840,2830,47
84017111,US,USA,840,28481,285
84017113,US,USA,840,18086,178
84017129,US,USA,840,1231,12
84017131,US,USA,840,1464,33
84017133,US,USA,840,4355,93
84017135,US,USA,840,3709,73
84017137,US,USA,840,3881,81
84017139,US,USA,840,1607,28
84017141,US,USA,840,6087,81
84080017,US,USA,840,2,0
84017143,US,USA,840,23019,305
84017145,US,USA,840,3160,60
84017147,US,USA,840,1486,14
84017149,US,USA,840,1786,52
84017151,US,USA,840,319,4
84017153,US,USA,840,688,7
84017155,US,USA,840,481,3
84017157,US,USA,840,4127,84
84017159,US,USA,840,1744,40
84017161,US,USA,840,14913,310
84017165,US,USA,840,2565,54
84017167,US,USA,840,18656,234
84017169,US,USA,840,743,5
84017171,US,USA,840,477,1
84017173,US,USA,840,2291,37
84017163,US,USA,840,27802,512
84017175,US,USA,840,634,23
84017177,US,USA,840,4738,82
84017179,US,USA,840,16884,282
84090017,US,USA,840,0,2356
84017181,US,USA,840,2257,40
84017183,US,USA,840,9575,132
84017185,US,USA,840,1345,12
84017187,US,USA,840,1796,46
84017189,US,USA,840,1639,25
84017191,US,USA,840,1770,52
84017193,US,USA,840,1693,26
84017195,US,USA,840,7142,171
84017197,US,USA,840,75240,989
84017199,US,USA,840,7404,129
84017201,US,USA,840,33017,472
84017203,US,USA,840,4718,76
84018001,US,USA,840,3413,54
84018003,US,USA,840,40668,678
84018005,US,USA,840,8070,156
84018007,US,USA,840,986,14
84018009,US,USA,840,1349,32
84018011,US,USA,840,6700,101
84018013,US,USA,840,1021,41
84018015,US,USA,840,1893,20
84018017,US,USA,840,5808,105
84018019,US,USA,840,12985,191
84018021,US,USA,840,2602,47
84018023,US,USA,840,4274,53
84018025,US,USA,840,998,14
84018027,US,USA,840,2973,99
84018033,US,USA,840,4284,85
84018029,US,USA,840,5813,78
84018031,US,USA,840,2854,92
84018035,US,USA,840,10696,186
84018037,US,USA,840,6156,117
84018039,US,USA,840,28577,442
84018041,US,USA,840,2807,62
84018043,US,USA,840,7669,178
84018045,US,USA,840,2123,46
84018047,US,USA,840,1681,35
84018049,US,USA,840,1954,40
84018051,US,USA,840,4354,92
84018053,US,USA,840,7060,174
84018055,US,USA,840,2789,85
84018057,US,USA,840,35629,408
84018059,US,USA,840,8284,141
84018061,US,USA,840,4358,72
84018063,US,USA,840,17244,315
84018065,US,USA,840,5720,103
84018067,US,USA,840,9924,216
84018069,US,USA,840,3919,80
84018071,US,USA,840,5017,73
84018073,US,USA,840,3660,47
84018075,US,USA,840,1951,30
84018077,US,USA,840,3309,81
84018079,US,USA,840,2301,49
84018081,US,USA,840,17970,379
84018083,US,USA,840,3719,90
84018085,US,USA,840,9410,117
84018087,US,USA,840,2667,70
84018091,US,USA,840,11928,211
84018089,US,USA,840,53771,970
84018093,US,USA,840,4546,120
84018095,US,USA,840,12673,339
84018097,US,USA,840,100003,1743
84018099,US,USA,840,6050,111
84018101,US,USA,840,891,15
84018103,US,USA,840,3818,66
84018105,US,USA,840,11893,170
84018107,US,USA,840,4241,89
84018109,US,USA,840,6576,139
84018111,US,USA,840,1078,34
84018113,US,USA,840,5613,84
84018115,US,USA,840,568,11
84018117,US,USA,840,1836,54
84080018,US,USA,840,0,0
84018119,US,USA,840,2002,56
84018121,US,USA,840,1463,16
84018123,US,USA,840,1830,37
84018125,US,USA,840,1343,34
84018127,US,USA,840,18776,308
84018129,US,USA,840,2715,33
84018131,US,USA,840,1168,45
84018133,US,USA,840,3607,60
84018135,US,USA,840,2407,81
84018137,US,USA,840,3397,70
84018139,US,USA,840,1734,25
84018143,US,USA,840,2663,54
84018145,US,USA,840,4919,96
84018147,US,USA,840,2321,31
84018141,US,USA,840,35733,552
84018149,US,USA,840,2166,54
84018151,US,USA,840,3878,57
84018153,US,USA,840,2119,42
84018155,US,USA,840,791,8
84018157,US,USA,840,22402,219
84018159,US,USA,840,1628,45
84090018,US,USA,840,0,416
84018161,US,USA,840,710,10
84018163,US,USA,840,22310,397
84018165,US,USA,840,1691,43
84018167,US,USA,840,12449,247
84018169,US,USA,840,3541,79
84018171,US,USA,840,821,15
84018173,US,USA,840,7784,155
84018175,US,USA,840,2407,32
84018177,US,USA,840,7051,199
84018179,US,USA,840,2915,81
84018181,US,USA,840,3143,54
84018183,US,USA,840,3961,39
84019001,US,USA,840,864,32
84019003,US,USA,840,338,4
84019005,US,USA,840,1511,51
84019007,US,USA,840,1280,49
84019009,US,USA,840,508,10
84019011,US,USA,840,2560,55
84019013,US,USA,840,15785,308
84019015,US,USA,840,2639,34
84019017,US,USA,840,2839,60
84019019,US,USA,840,1907,31
84019021,US,USA,840,4245,40
84019023,US,USA,840,1646,34
84019025,US,USA,840,1381,13
84019027,US,USA,840,2854,52
84019029,US,USA,840,1379,54
84019031,US,USA,840,1894,23
84019033,US,USA,840,5380,89
84019035,US,USA,840,1587,38
84019037,US,USA,840,1239,15
84019039,US,USA,840,999,24
84019041,US,USA,840,2153,25
84019043,US,USA,840,1692,56
84019045,US,USA,840,5543,93
84019047,US,USA,840,2658,40
84019049,US,USA,840,11161,98
84019051,US,USA,840,828,24
84019053,US,USA,840,608,9
84019055,US,USA,840,2092,40
84019057,US,USA,840,4543,66
84019059,US,USA,840,2478,43
84019061,US,USA,840,13355,209
84019063,US,USA,840,1340,40
84019065,US,USA,840,1848,41
84019067,US,USA,840,1603,42
84019069,US,USA,840,1193,21
84019071,US,USA,840,622,9
84019073,US,USA,840,776,10
84019075,US,USA,840,1362,33
84019077,US,USA,840,1210,30
84019079,US,USA,840,1794,49
84019081,US,USA,840,1476,34
84019083,US,USA,840,1849,43
84019085,US,USA,840,1793,73
84019087,US,USA,840,2911,37
84019089,US,USA,840,1045,22
84019091,US,USA,840,1188,26
84019093,US,USA,840,903,34
84019095,US,USA,840,1483,24
84019097,US,USA,840,2212,42
84019099,US,USA,840,4186,72
84019101,US,USA,840,1324,35
84019103,US,USA,840,14457,83
84019105,US,USA,840,2981,57
84019107,US,USA,840,956,31
84019109,US,USA,840,2152,64
84019111,US,USA,840,3750,55
84019113,US,USA,840,20814,334
84019115,US,USA,840,1278,49
84019117,US,USA,840,771,23
84019119,US,USA,840,1577,41
84019121,US,USA,840,1615,19
84019123,US,USA,840,2299,51
84019125,US,USA,840,3617,75
84019127,US,USA,840,4821,75
84019129,US,USA,840,1617,22
84019131,US,USA,840,1260,42
84019133,US,USA,840,828,30
84019135,US,USA,840,951,29
84019137,US,USA,840,1033,38
84019139,US,USA,840,4774,99
84019141,US,USA,840,1995,60
84019143,US,USA,840,785,16
84080019,US,USA,840,0,0
84019145,US,USA,840,1926,22
84019147,US,USA,840,1125,23
84019149,US,USA,840,4006,80
84019151,US,USA,840,853,22
84019153,US,USA,840,57488,623
84019155,US,USA,840,11091,168
84019157,US,USA,840,1547,33
84019159,US,USA,840,555,24
84019161,US,USA,840,1301,19
84019163,US,USA,840,19960,240
84019165,US,USA,840,1307,37
84019167,US,USA,840,5138,74
84019169,US,USA,840,10592,48
84019171,US,USA,840,2092,71
84019173,US,USA,840,657,12
84090019,US,USA,840,977,0
84019175,US,USA,840,1281,33
84019177,US,USA,840,556,18
84019179,US,USA,840,4297,122
84019181,US,USA,840,5758,88
84019183,US,USA,840,2539,50
84019185,US,USA,840,537,23
84019187,US,USA,840,5121,93
84019189,US,USA,840,1417,31
84019191,US,USA,840,1969,34
84019193,US,USA,840,15121,228
84019195,US,USA,840,743,8
84019197,US,USA,840,1843,36
84020001,US,USA,840,1240,19
84020003,US,USA,840,836,18
84020005,US,USA,840,1633,14
84020007,US,USA,840,374,6
84020009,US,USA,840,2614,48
84020011,US,USA,840,1413,26
84020013,US,USA,840,1238,38
84020015,US,USA,840,7534,86
84020017,US,USA,840,268,3
84020019,US,USA,840,267,6
84020021,US,USA,840,2475,52
84020023,US,USA,840,362,14
84020025,US,USA,840,252,7
84020027,US,USA,840,800,29
84020029,US,USA,840,984,23
84020031,US,USA,840,733,23
84020033,US,USA,840,169,9
84020035,US,USA,840,3965,108
84020037,US,USA,840,4733,77
84020039,US,USA,840,267,12
84020041,US,USA,840,1761,45
84020043,US,USA,840,971,23
84020045,US,USA,840,9254,83
84020047,US,USA,840,266,12
84020049,US,USA,840,179,5
84020051,US,USA,840,3745,71
84020053,US,USA,840,1223,25
84020055,US,USA,840,6058,71
84020057,US,USA,840,5753,75
84020059,US,USA,840,2555,43
84020061,US,USA,840,3399,40
84020063,US,USA,840,386,19
84020065,US,USA,840,265,9
84020067,US,USA,840,943,18
84020069,US,USA,840,564,14
84020071,US,USA,840,104,1
84020073,US,USA,840,558,11
84020075,US,USA,840,202,1
84020077,US,USA,840,617,18
84020079,US,USA,840,3635,68
84020081,US,USA,840,419,9
84020083,US,USA,840,212,8
84020085,US,USA,840,1401,16
84020087,US,USA,840,1720,34
84020089,US,USA,840,211,6
84020091,US,USA,840,58303,754
84020093,US,USA,840,569,10
84020095,US,USA,840,757,15
84020097,US,USA,840,239,4
84020099,US,USA,840,2740,49
84020101,US,USA,840,127,7
84020103,US,USA,840,7228,91
84020105,US,USA,840,263,5
84020107,US,USA,840,817,8
84020109,US,USA,840,290,6
84020111,US,USA,840,4278,85
84020115,US,USA,840,1104,24
84020117,US,USA,840,1091,24
84020113,US,USA,840,3270,81
84020119,US,USA,840,513,12
84020121,US,USA,840,2750,42
84020123,US,USA,840,561,18
84020125,US,USA,840,3459,79
84020127,US,USA,840,584,22
84020129,US,USA,840,258,8
84020131,US,USA,840,1513,55
84020133,US,USA,840,1803,35
84020135,US,USA,840,371,16
84020137,US,USA,840,1206,27
84020139,US,USA,840,1244,25
84020141,US,USA,840,290,12
84020143,US,USA,840,551,13
84080020,US,USA,840,0,0
84020145,US,USA,840,1166,13
84020147,US,USA,840,713,24
84020149,US,USA,840,1898,30
84020151,US,USA,840,815,25
84020153,US,USA,840,300,7
84020155,US,USA,840,8523,138
84020157,US,USA,840,661,13
84020159,US,USA,840,1076,12
84020161,US,USA,840,6463,43
84020163,US,USA,840,656,11
84020165,US,USA,840,431,14
84020167,US,USA,840,857,29
84020169,US,USA,840,6250,140
84020171,US,USA,840,596,23
84020173,US,USA,840,56588,753
84020175,US,USA,840,3864,41
84020177,US,USA,840,17472,363
84020179,US,USA,840,432,13
84020181,US,USA,840,635,12
84020183,US,USA,840,270,3
84020185,US,USA,840,340,9
84020187,US,USA,840,184,6
84020189,US,USA,840,558,10
84020191,US,USA,840,2166,51
84020193,US,USA,840,1098,20
84020195,US,USA,840,406,8
84090020,US,USA,840,0,0
84020197,US,USA,840,680,13
84020199,US,USA,840,179,4
84020201,US,USA,840,533,14
84020203,US,USA,840,216,6
84020205,US,USA,840,1008,16
84020207,US,USA,840,217,5
84020209,US,USA,840,20413,278
84021001,US,USA,840,1868,54
84021003,US,USA,840,2077,40
84021005,US,USA,840,1736,22
84021007,US,USA,840,396,9
84021009,US,USA,840,4459,92
84021011,US,USA,840,988,21
84021013,US,USA,840,3097,54
84021015,US,USA,840,13906,124
84021017,US,USA,840,1691,17
84021019,US,USA,840,4970,73
84021021,US,USA,840,3426,70
84021023,US,USA,840,634,7
84021025,US,USA,840,1026,9
84021027,US,USA,840,1277,16
84021029,US,USA,840,7259,74
84021031,US,USA,840,1458,24
84021033,US,USA,840,1450,31
84021035,US,USA,840,3521,51
84021037,US,USA,840,8421,70
84021039,US,USA,840,473,9
84021041,US,USA,840,1010,19
84021043,US,USA,840,2279,35
84021045,US,USA,840,1409,35
84021047,US,USA,840,6928,104
84021049,US,USA,840,2890,29
84021051,US,USA,840,2671,44
84021053,US,USA,840,1445,31
84021055,US,USA,840,665,21
84021057,US,USA,840,698,10
84021059,US,USA,840,10746,184
84021061,US,USA,840,913,21
84021063,US,USA,840,960,2
84021065,US,USA,840,1103,11
84021067,US,USA,840,35702,300
84021069,US,USA,840,1190,23
84021071,US,USA,840,3416,69
84021073,US,USA,840,4046,46
84021075,US,USA,840,521,14
84021077,US,USA,840,696,30
84021079,US,USA,840,1526,35
84021081,US,USA,840,2270,19
84021083,US,USA,840,4189,93
84021085,US,USA,840,2147,55
84021087,US,USA,840,1217,15
84021089,US,USA,840,3602,59
84021091,US,USA,840,884,15
84021093,US,USA,840,9696,156
84021095,US,USA,840,2827,83
84021097,US,USA,840,1699,23
84021099,US,USA,840,1977,47
84021101,US,USA,840,4790,74
84021103,US,USA,840,1358,13
84021105,US,USA,840,386,10
84021107,US,USA,840,4480,146
84021109,US,USA,840,1312,32
84021111,US,USA,840,80368,1187
84021113,US,USA,840,4647,64
84021115,US,USA,840,1940,34
84021117,US,USA,840,16268,176
84021119,US,USA,840,1142,23
84021121,US,USA,840,3353,36
84021123,US,USA,840,1324,26
84021125,US,USA,840,6691,71
84021127,US,USA,840,1445,25
84021129,US,USA,840,1277,26
84021131,US,USA,840,914,8
84021133,US,USA,840,1914,43
84021135,US,USA,840,1328,35
84021137,US,USA,840,2310,50
84021139,US,USA,840,848,20
84021141,US,USA,840,2847,66
84021143,US,USA,840,1533,19
84021151,US,USA,840,9339,109
84021153,US,USA,840,954,14
84021155,US,USA,840,2322,38
84021157,US,USA,840,2789,56
84021159,US,USA,840,1028,20
84021161,US,USA,840,1688,36
84021145,US,USA,840,6604,123
84021147,US,USA,840,1996,30
84021149,US,USA,840,883,27
84021163,US,USA,840,2030,25
84021165,US,USA,840,479,17
84021167,US,USA,840,2564,50
84021169,US,USA,840,1040,26
84021171,US,USA,840,1332,42
84021173,US,USA,840,2718,30
84021175,US,USA,840,2255,3
84021177,US,USA,840,2944,64
84021179,US,USA,840,4914,55
84021181,US,USA,840,551,8
84021183,US,USA,840,2465,54
84021185,US,USA,840,7620,82
84080021,US,USA,840,0,0
84021187,US,USA,840,685,13
84021189,US,USA,840,495,15
84021191,US,USA,840,1026,5
84021193,US,USA,840,2656,65
84021195,US,USA,840,5570,96
84021197,US,USA,840,1299,12
84021199,US,USA,840,6372,96
84021201,US,USA,840,229,14
84021203,US,USA,840,1531,23
84021205,US,USA,840,2234,20
84021207,US,USA,840,1869,44
84021209,US,USA,840,4962,33
84021211,US,USA,840,4731,70
84021213,US,USA,840,2113,38
84021215,US,USA,840,1605,22
84021217,US,USA,840,3132,48
84021219,US,USA,840,1141,26
84021221,US,USA,840,1301,14
84021223,US,USA,840,691,7
84090021,US,USA,840,9,0
84021225,US,USA,840,1354,15
84021227,US,USA,840,15954,171
84021229,US,USA,840,1437,37
84021231,US,USA,840,2176,47
84021233,US,USA,840,1266,20
84021235,US,USA,840,4919,56
84021237,US,USA,840,527,5
84021239,US,USA,840,2135,20
84022001,US,USA,840,6529,192
84022003,US,USA,840,3187,92
84022005,US,USA,840,12289,164
84022007,US,USA,840,2212,36
84022009,US,USA,840,4215,123
84022011,US,USA,840,3202,78
84022013,US,USA,840,1665,81
84022015,US,USA,840,13904,300
84022017,US,USA,840,26142,742
84022019,US,USA,840,22582,432
84022021,US,USA,840,1107,29
84022023,US,USA,840,599,6
84022025,US,USA,840,1161,38
84022027,US,USA,840,1439,55
84022029,US,USA,840,1865,61
84022031,US,USA,840,2783,78
84022033,US,USA,840,39663,804
84022035,US,USA,840,1127,25
84022037,US,USA,840,3156,112
84022039,US,USA,840,3611,93
84022041,US,USA,840,2490,106
84022043,US,USA,840,2165,56
84022045,US,USA,840,7119,153
84022047,US,USA,840,3847,98
84022049,US,USA,840,1956,50
84022051,US,USA,840,46232,894
84022053,US,USA,840,3170,97
84022059,US,USA,840,1556,37
84022055,US,USA,840,23584,277
84022057,US,USA,840,9646,204
84022061,US,USA,840,4524,93
84022063,US,USA,840,13449,206
84022065,US,USA,840,1564,39
84022067,US,USA,840,2831,76
84022069,US,USA,840,4055,87
84022071,US,USA,840,30146,792
84022073,US,USA,840,18470,451
84080022,US,USA,840,0,0
84022075,US,USA,840,2525,27
84022077,US,USA,840,2655,73
84022079,US,USA,840,12152,315
84022081,US,USA,840,874,38
84022083,US,USA,840,2426,56
84022085,US,USA,840,2951,60
84022087,US,USA,840,4030,52
84022089,US,USA,840,5424,95
84022091,US,USA,840,923,11
84022093,US,USA,840,1975,50
84022095,US,USA,840,3725,138
84022097,US,USA,840,8920,255
84022099,US,USA,840,5307,116
84022101,US,USA,840,4734,138
84022103,US,USA,840,25730,524
84022105,US,USA,840,12730,295
84022107,US,USA,840,359,8
84022109,US,USA,840,10276,222
84090022,US,USA,840,413,0
84022111,US,USA,840,2398,77
84022113,US,USA,840,5406,119
84022115,US,USA,840,3086,102
84022117,US,USA,840,4372,131
84022119,US,USA,840,4120,113
84022121,US,USA,840,2881,60
84022123,US,USA,840,1178,41
84022125,US,USA,840,1161,34
84022127,US,USA,840,1544,44
84023001,US,USA,840,7782,72
84023003,US,USA,840,1745,45
84023005,US,USA,840,16637,190
84023007,US,USA,840,1276,14
84023009,US,USA,840,1268,36
84023011,US,USA,840,6028,69
84023013,US,USA,840,1067,5
84023015,US,USA,840,973,2
84080023,US,USA,840,0,0
84023017,US,USA,840,3416,63
84023019,US,USA,840,5674,90
84023021,US,USA,840,489,6
84023023,US,USA,840,1362,10
84023025,US,USA,840,2029,30
84090023,US,USA,840,11,0
84023027,US,USA,840,907,20
84023029,US,USA,840,851,16
84023031,US,USA,840,12942,129
84024001,US,USA,840,6903,207
84024003,US,USA,840,43197,604
84024005,US,USA,840,64636,1500
84024510,US,USA,840,52015,1064
84024009,US,USA,840,4181,78
84024011,US,USA,840,2291,25
84024013,US,USA,840,9303,237
84024015,US,USA,840,6180,132
84024017,US,USA,840,10677,192
84024019,US,USA,840,2759,51
84024021,US,USA,840,19590,322
84024023,US,USA,840,2005,63
84024025,US,USA,840,16316,275
84024027,US,USA,840,19036,233
84024029,US,USA,840,1332,46
84024031,US,USA,840,70298,1529
84080024,US,USA,840,0,0
84024033,US,USA,840,83987,1482
84024035,US,USA,840,2960,45
84024039,US,USA,840,2563,37
84024037,US,USA,840,5929,124
84024041,US,USA,840,2119,37
84090024,US,USA,840,0,60
84024043,US,USA,840,14378,276
84024045,US,USA,840,7539,153
84024047,US,USA,840,3606,98
84025001,US,USA,840,13719,463
84025003,US,USA,840,6441,285
84025005,US,USA,840,65733,1710
84025007,US,USA,840,0,0
84070002,US,USA,840,2816,5
84025009,US,USA,840,96471,2362
84025011,US,USA,840,2526,113
84025013,US,USA,840,51433,1500
84025015,US,USA,840,9058,294
84025017,US,USA,840,133668,3736
84025019,US,USA,840,0,0
84025021,US,USA,840,54298,1778
84080025,US,USA,840,0,0
84025023,US,USA,840,48483,1424
84025025,US,USA,840,91792,1823
84090025,US,USA,840,45756,7
84025027,US,USA,840,76233,2198
84026001,US,USA,840,727,28
84026003,US,USA,840,509,6
84026005,US,USA,840,10715,137
84026007,US,USA,840,2185,60
84026009,US,USA,840,1580,27
84026011,US,USA,840,1155,29
84026013,US,USA,840,752,36
84026015,US,USA,840,5727,64
84026017,US,USA,840,10926,334
84026019,US,USA,840,1254,34
84026021,US,USA,840,15015,275
84026023,US,USA,840,4683,95
84026025,US,USA,840,13937,283
84026027,US,USA,840,5312,75
84026029,US,USA,840,1611,20
84026031,US,USA,840,1885,42
84026033,US,USA,840,2435,33
84026035,US,USA,840,2395,77
84026037,US,USA,840,7420,85
84026039,US,USA,840,966,12
84026041,US,USA,840,3952,91
84026043,US,USA,840,2701,74
84026045,US,USA,840,9880,195
84026047,US,USA,840,2305,41
84070005,US,USA,840,315,5
84026049,US,USA,840,40816,901
84026051,US,USA,840,2241,54
84026053,US,USA,840,1379,50
84026055,US,USA,840,6300,93
84026057,US,USA,840,3934,114
84026059,US,USA,840,4274,88
84026061,US,USA,840,3087,40
84026063,US,USA,840,4024,75
84026065,US,USA,840,24213,367
84026067,US,USA,840,6009,79
84026069,US,USA,840,1926,70
84026071,US,USA,840,1030,51
84026073,US,USA,840,6093,89
84026075,US,USA,840,15305,266
84026077,US,USA,840,22367,376
84026079,US,USA,840,1080,21
84026081,US,USA,840,70477,806
84026083,US,USA,840,173,2
84026085,US,USA,840,602,15
84026087,US,USA,840,8969,184
84026089,US,USA,840,1214,18
84026091,US,USA,840,9135,156
84026093,US,USA,840,16270,180
84026095,US,USA,840,406,2
84026097,US,USA,840,647,3
84026099,US,USA,840,97499,2325
84026101,US,USA,840,1169,22
84026103,US,USA,840,4999,58
84026105,US,USA,840,2083,36
84026107,US,USA,840,3089,30
84026109,US,USA,840,2084,41
84070004,US,USA,840,26737,153
84026111,US,USA,840,7282,83
84026113,US,USA,840,1462,24
84026115,US,USA,840,14998,246
84026117,US,USA,840,5697,106
84026119,US,USA,840,576,19
84026121,US,USA,840,15300,341
84026123,US,USA,840,4644,60
84026125,US,USA,840,115013,2268
84026127,US,USA,840,2692,58
84026129,US,USA,840,1645,39
84026131,US,USA,840,458,21
84026133,US,USA,840,1866,28
84026135,US,USA,840,631,27
84026137,US,USA,840,2272,38
84026139,US,USA,840,31777,406
84080026,US,USA,840,1887,15
84026141,US,USA,840,1013,32
84026143,US,USA,840,1844,47
84026145,US,USA,840,20562,579
84026151,US,USA,840,4178,110
84026153,US,USA,840,392,5
84026155,US,USA,840,6199,101
84026147,US,USA,840,17849,415
84026149,US,USA,840,6023,95
84026157,US,USA,840,5553,167
84090026,US,USA,840,24,0
84026159,US,USA,840,6914,123
84026161,US,USA,840,25920,279
84026163,US,USA,840,160161,4815
84026165,US,USA,840,2806,43
84027001,US,USA,840,1342,36
84027003,US,USA,840,41421,437
84027005,US,USA,840,3788,50
84027007,US,USA,840,3924,58
84027009,US,USA,840,5659,97
84027011,US,USA,840,598,4
84027013,US,USA,840,7461,41
84027015,US,USA,840,3046,40
84027017,US,USA,840,3441,53
84027019,US,USA,840,10449,45
84027021,US,USA,840,2696,28
84027023,US,USA,840,1518,38
84027025,US,USA,840,5925,51
84027027,US,USA,840,8127,92
84027029,US,USA,840,864,16
84027031,US,USA,840,161,0
84027033,US,USA,840,1643,21
84027035,US,USA,840,6609,88
84027037,US,USA,840,45667,448
84027039,US,USA,840,1837,3
84027041,US,USA,840,4646,74
84027043,US,USA,840,1513,19
84027045,US,USA,840,1555,10
84027047,US,USA,840,3411,29
84027049,US,USA,840,4757,72
84027051,US,USA,840,567,8
84027053,US,USA,840,122131,1726
84027055,US,USA,840,1715,15
84027057,US,USA,840,1871,41
84027059,US,USA,840,4173,64
84027061,US,USA,840,4322,54
84027063,US,USA,840,1217,11
84027065,US,USA,840,1434,24
84027067,US,USA,840,6520,83
84027069,US,USA,840,485,22
84027071,US,USA,840,817,15
84027073,US,USA,840,750,22
84027075,US,USA,840,808,19
84027077,US,USA,840,322,3
84027079,US,USA,840,2892,22
84027081,US,USA,840,577,3
84027083,US,USA,840,3598,50
84027087,US,USA,840,545,9
84027089,US,USA,840,880,17
84027091,US,USA,840,2298,31
84027085,US,USA,840,4216,58
84027093,US,USA,840,2543,40
84027095,US,USA,840,3024,52
84027097,US,USA,840,4173,60
84027099,US,USA,840,4640,32
84027101,US,USA,840,1060,9
84027103,US,USA,840,3238,43
84027105,US,USA,840,4072,48
84027107,US,USA,840,539,9
84027109,US,USA,840,13190,98
84027111,US,USA,840,5729,78
84080027,US,USA,840,0,0
84027113,US,USA,840,1536,19
84027115,US,USA,840,3267,22
84027117,US,USA,840,1151,26
84027119,US,USA,840,3824,68
84027121,US,USA,840,1095,6
84027123,US,USA,840,51028,871
84027125,US,USA,840,395,7
84027127,US,USA,840,1729,36
84027129,US,USA,840,1789,43
84027131,US,USA,840,8014,106
84027133,US,USA,840,1280,19
84027135,US,USA,840,2079,19
84027139,US,USA,840,17201,124
84027141,US,USA,840,11602,86
84027143,US,USA,840,1425,10
84027137,US,USA,840,17682,302
84027145,US,USA,840,22139,221
84027147,US,USA,840,3849,15
84027149,US,USA,840,902,11
84027151,US,USA,840,1049,18
84027153,US,USA,840,2806,32
84027155,US,USA,840,368,5
84090027,US,USA,840,487,93
84027157,US,USA,840,2048,3
84027159,US,USA,840,1551,22
84027161,US,USA,840,2365,22
84027163,US,USA,840,26724,281
84027165,US,USA,840,1321,9
84027167,US,USA,840,807,12
84027169,US,USA,840,4529,50
84027171,US,USA,840,15943,139
84027173,US,USA,840,1138,20
84028001,US,USA,840,2787,82
84028003,US,USA,840,3127,68
84028005,US,USA,840,1230,42
84028007,US,USA,840,2142,73
84028009,US,USA,840,995,25
84028011,US,USA,840,4801,132
84028013,US,USA,840,1705,32
84028015,US,USA,840,1218,28
84028017,US,USA,840,2077,57
84028019,US,USA,840,763,18
84028021,US,USA,840,1024,30
84028023,US,USA,840,1779,80
84028025,US,USA,840,1852,54
84028027,US,USA,840,2951,79
84028029,US,USA,840,2968,65
84028031,US,USA,840,2582,81
84028033,US,USA,840,21580,258
84028035,US,USA,840,7670,152
84028037,US,USA,840,836,23
84028039,US,USA,840,2478,48
84028041,US,USA,840,1305,33
84028043,US,USA,840,2613,86
84028045,US,USA,840,3784,86
84028047,US,USA,840,17879,309
84028049,US,USA,840,20330,415
84028051,US,USA,840,1888,73
84028053,US,USA,840,965,33
84028055,US,USA,840,168,6
84028057,US,USA,840,2997,77
84028059,US,USA,840,13429,246
84028061,US,USA,840,2210,48
84028063,US,USA,840,655,28
84028065,US,USA,840,1070,33
84028067,US,USA,840,8370,163
84028069,US,USA,840,957,28
84028071,US,USA,840,6184,118
84028073,US,USA,840,6224,86
84028075,US,USA,840,7188,241
84028077,US,USA,840,1285,24
84028079,US,USA,840,2674,73
84028081,US,USA,840,9970,174
84028083,US,USA,840,3493,125
84028085,US,USA,840,3962,110
84028087,US,USA,840,6387,146
84028089,US,USA,840,10088,217
84028091,US,USA,840,2690,80
84028093,US,USA,840,4435,103
84028095,US,USA,840,4107,133
84028097,US,USA,840,1267,42
84028099,US,USA,840,4030,176
84028101,US,USA,840,2462,61
84028103,US,USA,840,1267,34
84028105,US,USA,840,4621,98
84080028,US,USA,840,0,0
84028107,US,USA,840,4582,106
84028109,US,USA,840,4506,146
84028111,US,USA,840,1263,38
84028113,US,USA,840,3316,105
84028115,US,USA,840,4201,72
84028117,US,USA,840,2797,60
84028119,US,USA,840,807,16
84028121,US,USA,840,13594,278
84028123,US,USA,840,3157,73
84028125,US,USA,840,502,17
84028127,US,USA,840,2949,88
84028129,US,USA,840,1623,34
84028131,US,USA,840,1824,33
84028133,US,USA,840,3359,90
84028135,US,USA,840,1785,41
84028137,US,USA,840,3333,84
84028139,US,USA,840,2881,68
84028141,US,USA,840,2266,67
84028143,US,USA,840,1052,26
84090028,US,USA,840,0,0
84028145,US,USA,840,4100,76
84028147,US,USA,840,1339,45
84028149,US,USA,840,4386,121
84028151,US,USA,840,5332,133
84028153,US,USA,840,2626,41
84028155,US,USA,840,1145,32
84028157,US,USA,840,672,30
84028159,US,USA,840,2270,81
84028161,US,USA,840,1642,38
84028163,US,USA,840,3114,69
84029001,US,USA,840,2378,19
84029003,US,USA,840,1861,20
84029005,US,USA,840,455,6
84029007,US,USA,840,2704,57
84029009,US,USA,840,2889,45
84029011,US,USA,840,1177,14
84029013,US,USA,840,1331,29
84029015,US,USA,840,1669,33
84029017,US,USA,840,1116,12
84029019,US,USA,840,17938,93
84029021,US,USA,840,9298,143
84029023,US,USA,840,4187,43
84029025,US,USA,840,775,13
84029027,US,USA,840,4967,49
84029029,US,USA,840,4092,87
84029031,US,USA,840,8841,134
84029033,US,USA,840,1034,23
84029035,US,USA,840,542,10
84029037,US,USA,840,9155,110
84029039,US,USA,840,1104,22
84029041,US,USA,840,675,8
84029043,US,USA,840,8442,91
84029045,US,USA,840,670,7
84029047,US,USA,840,10020,165
84029049,US,USA,840,1960,65
84029051,US,USA,840,9092,124
84029053,US,USA,840,1911,27
84029055,US,USA,840,2588,37
84029057,US,USA,840,581,17
84029059,US,USA,840,1264,28
84029061,US,USA,840,702,11
84029063,US,USA,840,1127,31
84029065,US,USA,840,961,17
84029067,US,USA,840,921,28
84029069,US,USA,840,2831,22
84029071,US,USA,840,10632,183
84029073,US,USA,840,1536,45
84029075,US,USA,840,822,20
84029077,US,USA,840,28209,466
84029079,US,USA,840,990,34
84029081,US,USA,840,876,14
84029083,US,USA,840,2013,39
84029085,US,USA,840,645,15
84029087,US,USA,840,445,14
84029089,US,USA,840,1049,7
84029091,US,USA,840,3488,43
84029093,US,USA,840,899,6
84029095,US,USA,840,38100,427
84029097,US,USA,840,15501,233
84029099,US,USA,840,23308,246
84029101,US,USA,840,4768,54
84070003,US,USA,840,43877,574
84029103,US,USA,840,375,2
84029105,US,USA,840,3296,68
84029107,US,USA,840,3053,57
84029109,US,USA,840,3404,82
84029111,US,USA,840,1021,13
84029113,US,USA,840,5902,41
84029115,US,USA,840,1191,13
84029117,US,USA,840,1663,42
84029121,US,USA,840,1545,15
84029123,US,USA,840,1648,16
84029125,US,USA,840,635,8
84029127,US,USA,840,3619,45
84029119,US,USA,840,2410,28
84029129,US,USA,840,299,2
84029131,US,USA,840,2539,54
84029133,US,USA,840,1445,28
84029135,US,USA,840,1786,31
84029137,US,USA,840,997,12
84029139,US,USA,840,1036,11
84029141,US,USA,840,1710,44
84029143,US,USA,840,2113,43
84029145,US,USA,840,5299,77
84029147,US,USA,840,2697,25
84029149,US,USA,840,796,3
84029151,US,USA,840,1629,16
84080029,US,USA,840,0,0
84029153,US,USA,840,648,18
84029155,US,USA,840,1588,30
84029157,US,USA,840,2230,30
84029159,US,USA,840,5131,78
84029161,US,USA,840,3853,130
84029163,US,USA,840,1794,24
84029165,US,USA,840,4161,47
84029167,US,USA,840,3247,34
84029169,US,USA,840,3481,52
84029171,US,USA,840,302,4
84029173,US,USA,840,1059,12
84029175,US,USA,840,2634,30
84029177,US,USA,840,1945,27
84029179,US,USA,840,379,3
84029181,US,USA,840,1066,16
84029195,US,USA,840,2828,38
84029197,US,USA,840,338,7
84029199,US,USA,840,305,3
84029201,US,USA,840,4700,84
84029203,US,USA,840,582,12
84029205,US,USA,840,595,7
84029183,US,USA,840,42689,455
84029185,US,USA,840,787,8
84029187,US,USA,840,8800,115
84029189,US,USA,840,98705,2204
84029510,US,USA,840,24483,496
84029186,US,USA,840,1817,16
84029207,US,USA,840,2483,37
84029209,US,USA,840,2427,46
84029211,US,USA,840,844,14
84029213,US,USA,840,5289,93
84029215,US,USA,840,1835,23
84090029,US,USA,840,0,0
84029217,US,USA,840,1945,44
84029219,US,USA,840,3145,22
84029221,US,USA,840,2740,49
84029223,US,USA,840,1036,12
84029225,US,USA,840,3593,54
84029227,US,USA,840,162,2
84029229,US,USA,840,1584,32
84030001,US,USA,840,908,10
84030003,US,USA,840,2567,75
84030005,US,USA,840,763,23
84030007,US,USA,840,491,5
84030009,US,USA,840,867,15
84030011,US,USA,840,146,5
84030013,US,USA,840,9041,169
84030015,US,USA,840,504,6
84030017,US,USA,840,1191,18
84030019,US,USA,840,197,8
84030021,US,USA,840,1102,30
84030023,US,USA,840,1115,15
84030025,US,USA,840,284,2
84030027,US,USA,840,1116,31
84030029,US,USA,840,11913,93
84030031,US,USA,840,14672,63
84030033,US,USA,840,80,2
84030035,US,USA,840,1535,42
84030037,US,USA,840,56,2
84030039,US,USA,840,192,2
84030041,US,USA,840,1982,44
84030043,US,USA,840,1081,8
84030045,US,USA,840,91,1
84030047,US,USA,840,2054,36
84030049,US,USA,840,6851,87
84030051,US,USA,840,117,1
84030053,US,USA,840,1622,17
84030057,US,USA,840,788,8
84030055,US,USA,840,184,1
84030059,US,USA,840,153,7
84030061,US,USA,840,253,0
84030063,US,USA,840,9067,93
84030065,US,USA,840,341,11
84080030,US,USA,840,0,0
84030067,US,USA,840,1362,20
84030069,US,USA,840,12,1
84030071,US,USA,840,524,16
84030073,US,USA,840,481,4
84030075,US,USA,840,124,6
84030077,US,USA,840,922,10
84030079,US,USA,840,141,2
84030081,US,USA,840,3070,44
84030083,US,USA,840,1233,17
84030085,US,USA,840,1631,54
84030087,US,USA,840,1219,49
84030089,US,USA,840,643,15
84030091,US,USA,840,423,5
84030093,US,USA,840,4090,86
84030095,US,USA,840,728,14
84030097,US,USA,840,399,7
84030099,US,USA,840,476,5
84030101,US,USA,840,720,11
84030103,US,USA,840,55,1
84090030,US,USA,840,0,0
84030105,US,USA,840,896,18
84030107,US,USA,840,179,8
84030109,US,USA,840,121,6
84030111,US,USA,840,17334,264
84031001,US,USA,840,2959,43
84031003,US,USA,840,532,6
84031005,US,USA,840,22,1
84031007,US,USA,840,36,0
84031009,US,USA,840,21,0
84031011,US,USA,840,584,4
84031013,US,USA,840,937,9
84031015,US,USA,840,176,3
84031017,US,USA,840,219,2
84031019,US,USA,840,5501,57
84031021,US,USA,840,668,12
84031023,US,USA,840,852,11
84031025,US,USA,840,2665,16
84031027,US,USA,840,776,11
84031029,US,USA,840,462,5
84031031,US,USA,840,300,7
84031033,US,USA,840,933,18
84031035,US,USA,840,703,11
84031037,US,USA,840,1595,21
84031039,US,USA,840,1048,11
84031041,US,USA,840,850,19
84031043,US,USA,840,3926,63
84031045,US,USA,840,743,18
84031047,US,USA,840,2883,31
84031049,US,USA,840,103,2
84031051,US,USA,840,610,9
84031053,US,USA,840,4947,60
84031055,US,USA,840,71345,673
84031057,US,USA,840,184,4
84031059,US,USA,840,505,9
84031061,US,USA,840,242,4
84031063,US,USA,840,192,1
84031065,US,USA,840,508,5
84031067,US,USA,840,2185,19
84031069,US,USA,840,113,1
84031071,US,USA,840,151,1
84031073,US,USA,840,182,5
84031075,US,USA,840,39,4
84031077,US,USA,840,214,1
84031079,US,USA,840,7817,117
84031081,US,USA,840,953,17
84031083,US,USA,840,219,0
84031085,US,USA,840,60,0
84031087,US,USA,840,254,5
84031089,US,USA,840,862,16
84031091,US,USA,840,54,2
84031093,US,USA,840,552,11
84031095,US,USA,840,666,1
84031097,US,USA,840,642,9
84031099,US,USA,840,690,5
84031101,US,USA,840,720,10
84031103,US,USA,840,53,0
84031105,US,USA,840,414,7
84031107,US,USA,840,886,12
84031109,US,USA,840,31311,168
84031111,US,USA,840,3823,57
84031113,US,USA,840,82,0
84031115,US,USA,840,42,0
84031119,US,USA,840,4289,42
84031117,US,USA,840,29,1
84031121,US,USA,840,764,15
84031123,US,USA,840,510,15
84031125,US,USA,840,413,10
84031127,US,USA,840,686,15
84031129,US,USA,840,431,11
84031131,US,USA,840,1461,10
84080031,US,USA,840,0,0
84031133,US,USA,840,233,1
84031135,US,USA,840,293,11
84031137,US,USA,840,1000,10
84031139,US,USA,840,641,20
84031141,US,USA,840,4139,49
84031143,US,USA,840,585,9
84031145,US,USA,840,1211,15
84031147,US,USA,840,727,19
84031149,US,USA,840,102,2
84031151,US,USA,840,2038,2
84031153,US,USA,840,22710,129
84031155,US,USA,840,2529,16
84031157,US,USA,840,4152,92
84031159,US,USA,840,1741,31
84031161,US,USA,840,517,19
84031163,US,USA,840,201,4
84031165,US,USA,840,39,0
84031167,US,USA,840,373,9
84031169,US,USA,840,496,4
84031171,US,USA,840,53,1
84031173,US,USA,840,841,12
84090031,US,USA,840,1914,8
84031175,US,USA,840,328,2
84031177,US,USA,840,2192,24
84031179,US,USA,840,1087,7
84031181,US,USA,840,383,7
84031183,US,USA,840,39,0
84031185,US,USA,840,1753,11
84032510,US,USA,840,6482,123
84032001,US,USA,840,2053,49
84032003,US,USA,840,247186,4342
84032005,US,USA,840,2849,35
84032007,US,USA,840,4865,56
84032009,US,USA,840,38,0
84032011,US,USA,840,54,0
84032013,US,USA,840,1178,14
84032015,US,USA,840,451,9
84032017,US,USA,840,361,3
84032019,US,USA,840,3191,65
84032021,US,USA,840,308,7
84032023,US,USA,840,2935,106
84080032,US,USA,840,0,0
84032027,US,USA,840,954,20
84032029,US,USA,840,109,3
84090032,US,USA,840,0,0
84032031,US,USA,840,45624,671
84032033,US,USA,840,612,6
84033001,US,USA,840,4009,99
84033003,US,USA,840,2389,10
84033005,US,USA,840,3673,33
84033007,US,USA,840,1938,41
84033009,US,USA,840,3895,26
84033011,US,USA,840,35425,627
84033013,US,USA,840,9407,113
84080033,US,USA,840,0,0
84033015,US,USA,840,23787,254
84033017,US,USA,840,9650,84
84033019,US,USA,840,1729,25
84090033,US,USA,840,1031,6
84034001,US,USA,840,31284,672
84034003,US,USA,840,103408,2846
84034005,US,USA,840,44081,842
84034007,US,USA,840,54724,1285
84034009,US,USA,840,9067,202
84034011,US,USA,840,16850,430
84034013,US,USA,840,93453,2933
84034015,US,USA,840,30158,621
84034017,US,USA,840,87632,2240
84034019,US,USA,840,9661,174
84034021,US,USA,840,33600,937
84034023,US,USA,840,91462,2322
84034025,US,USA,840,74943,1608
84034027,US,USA,840,49711,1218
84034029,US,USA,840,75264,2132
84080034,US,USA,840,0,0
84034031,US,USA,840,72212,1886
84034033,US,USA,840,5995,184
84034035,US,USA,840,29782,835
84034037,US,USA,840,13798,298
84090034,US,USA,840,828,0
84034039,US,USA,840,70874,1941
84034041,US,USA,840,9820,235
84035001,US,USA,840,57638,937
84035003,US,USA,840,93,5
84035005,US,USA,840,8959,171
84035006,US,USA,840,2873,112
84035007,US,USA,840,760,47
84035009,US,USA,840,5183,79
84035011,US,USA,840,155,1
84035013,US,USA,840,24726,454
84035015,US,USA,840,6836,129
84035017,US,USA,840,1707,37
84035019,US,USA,840,403,9
84035021,US,USA,840,10,0
84035023,US,USA,840,361,9
84035025,US,USA,840,8285,168
84035027,US,USA,840,1697,19
84035028,US,USA,840,525,6
84035029,US,USA,840,3331,86
84035031,US,USA,840,12276,467
84035033,US,USA,840,170,6
84035035,US,USA,840,3898,75
84080035,US,USA,840,0,0
84035037,US,USA,840,495,8
84035039,US,USA,840,3604,76
84035041,US,USA,840,1954,56
84035045,US,USA,840,14973,470
84035047,US,USA,840,1352,17
84035043,US,USA,840,11962,231
84035049,US,USA,840,10240,144
84035051,US,USA,840,760,50
84035053,US,USA,840,1313,56
84035055,US,USA,840,1667,52
84035057,US,USA,840,751,13
84090035,US,USA,840,4115,0
84035059,US,USA,840,248,9
84035061,US,USA,840,6717,109
84036001,US,USA,840,24349,350
84036003,US,USA,840,3386,84
84036005,US,USA,840,180697,6514
84036007,US,USA,840,18258,356
84036009,US,USA,840,5526,87
84036011,US,USA,840,6155,92
84036013,US,USA,840,8749,140
84036015,US,USA,840,7486,135
84036017,US,USA,840,3376,76
84036019,US,USA,840,4769,33
84036021,US,USA,840,3974,101
84036023,US,USA,840,3710,60
84036025,US,USA,840,2301,37
84036027,US,USA,840,29064,442
84036029,US,USA,840,87877,1773
84036031,US,USA,840,1570,26
84036033,US,USA,840,2510,12
84036035,US,USA,840,4311,91
84036037,US,USA,840,5319,123
84036039,US,USA,840,3334,75
84036041,US,USA,840,305,2
84036043,US,USA,840,5077,107
84036045,US,USA,840,5847,66
84036047,US,USA,840,276228,10275
84036049,US,USA,840,2655,34
84036051,US,USA,840,4307,58
84036053,US,USA,840,4440,88
84036055,US,USA,840,65936,1063
84036057,US,USA,840,4178,122
84036059,US,USA,840,181804,3159
84036061,US,USA,840,136399,4432
84036063,US,USA,840,19556,356
84036065,US,USA,840,22143,505
84036067,US,USA,840,37769,670
84036069,US,USA,840,7267,92
84036071,US,USA,840,47706,810
84036073,US,USA,840,3031,83
84036075,US,USA,840,7381,90
84036077,US,USA,840,3376,47
84080036,US,USA,840,0,234
84036079,US,USA,840,10521,91
84036081,US,USA,840,273237,9808
84036083,US,USA,840,11049,140
84036085,US,USA,840,73733,1800
84036087,US,USA,840,46564,955
84036091,US,USA,840,15014,166
84036093,US,USA,840,12924,197
84036095,US,USA,840,1648,16
84036097,US,USA,840,1026,14
84036099,US,USA,840,1971,56
84036089,US,USA,840,6453,96
84036101,US,USA,840,6710,143
84036103,US,USA,840,198906,3374
84036105,US,USA,840,6517,72
84036107,US,USA,840,3651,61
84036109,US,USA,840,4214,51
84036111,US,USA,840,13705,251
84090036,US,USA,840,132,58
84036113,US,USA,840,3563,57
84036115,US,USA,840,3055,55
84036117,US,USA,840,5602,67
84036119,US,USA,840,128584,2264
84036121,US,USA,840,3470,52
84036123,US,USA,840,1164,26
84037001,US,USA,840,18056,276
84037003,US,USA,840,4387,84
84037005,US,USA,840,1047,5
84037007,US,USA,840,2578,55
84037009,US,USA,840,2121,41
84037011,US,USA,840,2123,20
84037013,US,USA,840,4594,95
84037015,US,USA,840,1761,43
84037017,US,USA,840,3261,42
84037019,US,USA,840,9125,152
84037021,US,USA,840,17679,315
84037023,US,USA,840,9976,153
84037025,US,USA,840,21853,256
84037027,US,USA,840,9327,104
84037029,US,USA,840,663,5
84037031,US,USA,840,5125,54
84037033,US,USA,840,2171,27
84037035,US,USA,840,19390,303
84037037,US,USA,840,4645,88
84037039,US,USA,840,2567,34
84037041,US,USA,840,1460,23
84037043,US,USA,840,767,18
84037045,US,USA,840,11451,224
84037047,US,USA,840,6320,151
84037049,US,USA,840,9283,124
84037051,US,USA,840,28680,302
84037053,US,USA,840,1545,16
84037055,US,USA,840,2114,10
84037057,US,USA,840,16519,185
84037059,US,USA,840,4067,37
84037061,US,USA,840,6266,133
84037063,US,USA,840,25185,220
84037065,US,USA,840,5569,111
84037067,US,USA,840,35738,375
84037069,US,USA,840,6849,49
84037071,US,USA,840,26501,426
84037073,US,USA,840,735,13
84037075,US,USA,840,589,12
84037077,US,USA,840,5937,82
84037079,US,USA,840,2327,44
84037081,US,USA,840,47192,701
84037083,US,USA,840,5576,111
84037085,US,USA,840,11572,170
84037087,US,USA,840,4368,96
84037089,US,USA,840,10163,159
84037091,US,USA,840,2098,63
84037093,US,USA,840,4665,55
84037095,US,USA,840,669,9
84037097,US,USA,840,18728,208
84037099,US,USA,840,3599,56
84037101,US,USA,840,21512,220
84037103,US,USA,840,842,26
84037105,US,USA,840,5994,78
84037107,US,USA,840,5981,114
84037109,US,USA,840,10043,85
84037113,US,USA,840,3145,38
84037115,US,USA,840,1570,41
84037117,US,USA,840,2243,40
84037111,US,USA,840,5215,63
84037119,US,USA,840,111720,951
84037121,US,USA,840,1448,16
84037123,US,USA,840,3318,93
84037125,US,USA,840,8875,187
84037127,US,USA,840,11484,189
84037129,US,USA,840,19145,164
84037131,US,USA,840,1874,59
84037133,US,USA,840,16981,142
84037135,US,USA,840,8539,101
84080037,US,USA,840,0,0
84037137,US,USA,840,1116,13
84037139,US,USA,840,3367,80
84037141,US,USA,840,5407,69
84037143,US,USA,840,1015,11
84037145,US,USA,840,3369,68
84037147,US,USA,840,19678,87
84037149,US,USA,840,1474,29
84037151,US,USA,840,14999,227
84037153,US,USA,840,4649,93
84037155,US,USA,840,16422,234
84037157,US,USA,840,7569,108
84037159,US,USA,840,16834,301
84037161,US,USA,840,7314,206
84037163,US,USA,840,7919,110
84037165,US,USA,840,3785,85
84037167,US,USA,840,7804,132
84037169,US,USA,840,4065,79
84037171,US,USA,840,8189,160
84037173,US,USA,840,1216,18
84037175,US,USA,840,2373,32
84037177,US,USA,840,319,6
84090037,US,USA,840,1,0
84037179,US,USA,840,24347,217
84037181,US,USA,840,4934,86
84037183,US,USA,840,87280,720
84037185,US,USA,840,1791,20
84037187,US,USA,840,1072,31
84037189,US,USA,840,4610,31
84037191,US,USA,840,11167,245
84037193,US,USA,840,6645,112
84037195,US,USA,840,9673,173
84037197,US,USA,840,4018,48
84037199,US,USA,840,1619,28
84038001,US,USA,840,270,3
84038003,US,USA,840,1412,31
84038005,US,USA,840,1088,18
84038007,US,USA,840,54,0
84038009,US,USA,840,715,20
84038011,US,USA,840,402,5
84038013,US,USA,840,240,1
84038015,US,USA,840,15711,191
84038017,US,USA,840,24446,208
84038019,US,USA,840,430,5
84038021,US,USA,840,793,33
84038023,US,USA,840,181,2
84038025,US,USA,840,381,7
84038027,US,USA,840,469,6
84038029,US,USA,840,423,13
84038031,US,USA,840,597,19
84038033,US,USA,840,258,3
84038035,US,USA,840,10601,77
84038037,US,USA,840,209,7
84038039,US,USA,840,325,2
84038041,US,USA,840,326,4
84038043,US,USA,840,269,10
84038045,US,USA,840,536,17
84038047,US,USA,840,263,10
84038049,US,USA,840,646,23
84038051,US,USA,840,344,7
84038053,US,USA,840,1322,13
84038055,US,USA,840,1273,30
84038057,US,USA,840,1122,10
84038059,US,USA,840,5263,100
84038061,US,USA,840,1326,17
84038063,US,USA,840,476,15
84038065,US,USA,840,157,3
84080038,US,USA,840,0,0
84038067,US,USA,840,811,11
84038069,US,USA,840,548,25
84038071,US,USA,840,1719,30
84038073,US,USA,840,689,17
84038075,US,USA,840,320,14
84038077,US,USA,840,2017,17
84038079,US,USA,840,2144,28
84038081,US,USA,840,498,7
84038083,US,USA,840,121,2
84038085,US,USA,840,663,12
84038087,US,USA,840,32,0
84038089,US,USA,840,4791,51
84038091,US,USA,840,182,2
84038093,US,USA,840,3511,81
84038095,US,USA,840,322,11
84038097,US,USA,840,1046,18
84090038,US,USA,840,0,30
84038099,US,USA,840,1908,25
84038101,US,USA,840,9723,194
84038103,US,USA,840,452,8
84038105,US,USA,840,4827,39
580,MP,MNP,580,170,2
84039001,US,USA,840,2385,52
84039003,US,USA,840,11675,232
84039005,US,USA,840,4231,89
84039007,US,USA,840,6830,170
84039009,US,USA,840,5200,58
84039011,US,USA,840,4919,84
84039013,US,USA,840,5920,167
84039015,US,USA,840,3950,57
84039017,US,USA,840,38396,584
84039019,US,USA,840,1916,47
84039021,US,USA,840,3334,58
84039023,US,USA,840,14017,299
84039025,US,USA,840,19803,238
84039027,US,USA,840,3729,63
84039029,US,USA,840,8816,229
84039031,US,USA,840,2653,57
84039033,US,USA,840,3978,107
84039035,US,USA,840,112407,2120
84039037,US,USA,840,5364,123
84039039,US,USA,840,4210,97
84039041,US,USA,840,18537,133
84039043,US,USA,840,7917,154
84039045,US,USA,840,16230,200
84039047,US,USA,840,2822,50
84039049,US,USA,840,126120,1400
84039051,US,USA,840,4239,69
84039053,US,USA,840,2359,49
84039055,US,USA,840,6697,148
84039057,US,USA,840,15099,244
84039059,US,USA,840,3162,53
84039061,US,USA,840,80149,1206
84039063,US,USA,840,6929,127
84039065,US,USA,840,2714,64
84039067,US,USA,840,1085,37
84039069,US,USA,840,2693,66
84039071,US,USA,840,3556,62
84039073,US,USA,840,2154,62
84039075,US,USA,840,2611,101
84039077,US,USA,840,5439,119
84039079,US,USA,840,3126,52
84039081,US,USA,840,5544,151
84039083,US,USA,840,4495,110
84039085,US,USA,840,20725,369
84039087,US,USA,840,5560,102
84039089,US,USA,840,16436,212
84039091,US,USA,840,3823,76
84039093,US,USA,840,25046,481
84039095,US,USA,840,42275,788
84039097,US,USA,840,4366,61
84039099,US,USA,840,21629,588
84039101,US,USA,840,8539,135
84039103,US,USA,840,15309,264
84039105,US,USA,840,1449,40
84039107,US,USA,840,4808,85
84039109,US,USA,840,10686,217
84039111,US,USA,840,1323,42
84039113,US,USA,840,51559,1014
84039115,US,USA,840,1085,23
84039117,US,USA,840,2856,39
84039119,US,USA,840,8815,133
84039121,US,USA,840,1333,37
84039123,US,USA,840,3674,79
84080039,US,USA,840,0,0
84039125,US,USA,840,1733,40
84039127,US,USA,840,2953,50
84039129,US,USA,840,8582,121
84039131,US,USA,840,2377,34
84039133,US,USA,840,12890,203
84039135,US,USA,840,3798,98
84039137,US,USA,840,4287,100
84039139,US,USA,840,11382,199
84039141,US,USA,840,6858,155
84039143,US,USA,840,5359,121
84039145,US,USA,840,6417,101
84039147,US,USA,840,5290,121
84039149,US,USA,840,4700,93
84039151,US,USA,840,32412,907
84039153,US,USA,840,47292,946
84039155,US,USA,840,16082,468
84039157,US,USA,840,8487,244
84090039,US,USA,840,0,2
84039159,US,USA,840,5710,48
84039161,US,USA,840,2437,63
84039163,US,USA,840,835,15
84039165,US,USA,840,24313,300
84039167,US,USA,840,5160,109
84039169,US,USA,840,8843,211
84039171,US,USA,840,3402,75
84039173,US,USA,840,13113,189
84039175,US,USA,840,2315,55
84040001,US,USA,840,3177,41
84040003,US,USA,840,1155,6
84040005,US,USA,840,1872,25
84040007,US,USA,840,474,6
84040009,US,USA,840,2895,55
84040011,US,USA,840,1042,18
84040013,US,USA,840,6106,71
84040015,US,USA,840,3969,88
84040017,US,USA,840,17127,170
84040019,US,USA,840,6111,107
84040021,US,USA,840,5624,74
84040023,US,USA,840,1613,22
84040025,US,USA,840,214,1
84040027,US,USA,840,30936,401
84040029,US,USA,840,697,15
84040031,US,USA,840,13783,185
84040033,US,USA,840,692,16
84040035,US,USA,840,1970,18
84040037,US,USA,840,6919,156
84040039,US,USA,840,4070,98
84040041,US,USA,840,4618,91
84040043,US,USA,840,550,14
84040045,US,USA,840,356,5
84040047,US,USA,840,7797,128
84040049,US,USA,840,3610,77
84040051,US,USA,840,5935,121
84040053,US,USA,840,549,6
84040055,US,USA,840,582,21
84040057,US,USA,840,326,4
84040059,US,USA,840,420,6
84040061,US,USA,840,1253,16
84040063,US,USA,840,1234,28
84040065,US,USA,840,3114,56
84040067,US,USA,840,702,13
84040069,US,USA,840,1376,35
84040071,US,USA,840,5313,126
84040073,US,USA,840,2053,38
84040075,US,USA,840,811,24
84040077,US,USA,840,835,13
84040079,US,USA,840,5569,64
84040081,US,USA,840,3239,71
84040083,US,USA,840,4249,56
84040085,US,USA,840,1499,21
84040093,US,USA,840,955,21
84040095,US,USA,840,2047,23
84040097,US,USA,840,4187,68
84040087,US,USA,840,5289,69
84040089,US,USA,840,3936,90
84040091,US,USA,840,1999,59
84040099,US,USA,840,2014,38
84040101,US,USA,840,9316,164
84040103,US,USA,840,1379,19
84040105,US,USA,840,1148,18
84040107,US,USA,840,1780,30
84040109,US,USA,840,86408,1209
84040111,US,USA,840,3743,77
84040113,US,USA,840,4718,73
84040115,US,USA,840,3892,65
84080040,US,USA,840,0,0
84040117,US,USA,840,1781,49
84040119,US,USA,840,8667,71
84040121,US,USA,840,4639,69
84040123,US,USA,840,5128,71
84040125,US,USA,840,8335,125
84040127,US,USA,840,1011,20
84040129,US,USA,840,389,12
84040131,US,USA,840,10463,176
84040133,US,USA,840,2868,69
84040135,US,USA,840,4111,51
84040137,US,USA,840,4838,101
84040139,US,USA,840,3514,33
84040141,US,USA,840,803,17
84040143,US,USA,840,74382,1044
84090040,US,USA,840,1528,0
84040145,US,USA,840,8051,114
84040147,US,USA,840,5199,109
84040149,US,USA,840,1081,21
84040151,US,USA,840,1205,17
84040153,US,USA,840,3160,33
84041001,US,USA,840,947,14
84041003,US,USA,840,3071,19
84041005,US,USA,840,17323,212
84041007,US,USA,840,979,8
84041009,US,USA,840,1728,26
84041011,US,USA,840,2050,33
84041013,US,USA,840,1086,21
84041015,US,USA,840,645,9
84041017,US,USA,840,8821,74
84041019,US,USA,840,3244,70
84041021,US,USA,840,62,1
84041023,US,USA,840,507,5
84041025,US,USA,840,343,8
84041027,US,USA,840,1184,30
84041029,US,USA,840,10783,137
84041031,US,USA,840,2176,34
84041033,US,USA,840,3328,69
84041035,US,USA,840,4373,64
84041037,US,USA,840,448,7
84041039,US,USA,840,12911,146
84041041,US,USA,840,1371,20
84041043,US,USA,840,4873,67
84041045,US,USA,840,3508,62
84041047,US,USA,840,21915,306
84041049,US,USA,840,1104,16
84041051,US,USA,840,38115,587
84080041,US,USA,840,0,0
84041053,US,USA,840,3722,52
84041055,US,USA,840,58,1
84041057,US,USA,840,645,3
84041059,US,USA,840,8166,84
84090041,US,USA,840,0,0
84041061,US,USA,840,1447,23
84041063,US,USA,840,183,5
84041065,US,USA,840,1373,28
84041067,US,USA,840,25452,231
84041069,US,USA,840,30,1
84041071,US,USA,840,4445,76
84042001,US,USA,840,9334,177
84042003,US,USA,840,99384,1927
84042005,US,USA,840,5867,134
84042007,US,USA,840,15059,380
84042009,US,USA,840,4461,135
84042011,US,USA,840,46845,1007
84042013,US,USA,840,12984,330
84042015,US,USA,840,5830,90
84042017,US,USA,840,59613,1268
84042019,US,USA,840,17110,411
84042021,US,USA,840,14143,422
84042023,US,USA,840,294,8
84042025,US,USA,840,6209,169
84042027,US,USA,840,16614,220
84042029,US,USA,840,36179,781
84042031,US,USA,840,3122,91
84042033,US,USA,840,8389,143
84042035,US,USA,840,3606,62
84042037,US,USA,840,5667,133
84042039,US,USA,840,7193,149
84042041,US,USA,840,20040,517
84042043,US,USA,840,25364,544
84042045,US,USA,840,51348,1362
84042047,US,USA,840,2832,39
84042049,US,USA,840,20536,405
84042051,US,USA,840,12764,311
84042053,US,USA,840,1422,21
84042055,US,USA,840,14971,365
84042057,US,USA,840,1314,15
84042059,US,USA,840,3196,39
84042061,US,USA,840,5017,129
84042063,US,USA,840,6134,173
84042065,US,USA,840,3258,97
84042067,US,USA,840,2090,85
84042069,US,USA,840,18087,464
84042071,US,USA,840,54211,1124
84042073,US,USA,840,7394,207
84042075,US,USA,840,15767,283
84042077,US,USA,840,38911,846
84042079,US,USA,840,31055,800
84042081,US,USA,840,11590,278
84042083,US,USA,840,3632,69
84042085,US,USA,840,9342,255
84042087,US,USA,840,5276,178
84042089,US,USA,840,14369,307
84042091,US,USA,840,69068,1683
84042093,US,USA,840,1981,63
84042095,US,USA,840,35132,703
84042097,US,USA,840,9405,348
84080042,US,USA,840,0,0
84042099,US,USA,840,3730,100
84042101,US,USA,840,149953,3529
84042103,US,USA,840,3869,54
84042105,US,USA,840,1117,23
84042107,US,USA,840,14427,398
84042109,US,USA,840,3591,84
84042111,US,USA,840,7741,205
84042113,US,USA,840,423,20
84042115,US,USA,840,2542,61
84042117,US,USA,840,2934,106
84090042,US,USA,840,0,0
84042119,US,USA,840,6022,86
84042121,US,USA,840,3886,93
84042123,US,USA,840,2574,102
84042125,US,USA,840,17313,295
84042127,US,USA,840,3993,80
84042129,US,USA,840,33426,749
84042131,US,USA,840,1878,48
84042133,US,USA,840,45255,794
63072001,PR,PRI,630,464,0
63072003,PR,PRI,630,1291,0
63072005,PR,PRI,630,1466,0
63072007,PR,PRI,630,1173,0
63072009,PR,PRI,630,653,0
63072011,PR,PRI,630,778,0
63072013,PR,PRI,630,2916,0
63072015,PR,PRI,630,289,0
63072017,PR,PRI,630,751,0
63072019,PR,PRI,630,1198,0
63072021,PR,PRI,630,10135,0
63072023,PR,PRI,630,890,0
63072025,PR,PRI,630,6140,0
63072027,PR,PRI,630,1175,0
63072029,PR,PRI,630,1888,0
63072031,PR,PRI,630,8436,0
63072033,PR,PRI,630,1191,0
63072035,PR,PRI,630,1245,0
63072037,PR,PRI,630,376,0
63072039,PR,PRI,630,747,0
63072041,PR,PRI,630,1267,0
63072043,PR,PRI,630,861,0
63072045,PR,PRI,630,704,0
63072047,PR,PRI,630,1518,0
63072049,PR,PRI,630,38,0
63072051,PR,PRI,630,1976,0
63072053,PR,PRI,630,1179,0
63072054,PR,PRI,630,524,0
63072055,PR,PRI,630,201,0
63072057,PR,PRI,630,807,0
63072059,PR,PRI,630,359,0
63072061,PR,PRI,630,4178,0
63072063,PR,PRI,630,2112,0
63072065,PR,PRI,630,1117,0
63072067,PR,PRI,630,390,0
63072069,PR,PRI,630,2007,0
63072071,PR,PRI,630,1307,0
63072073,PR,PRI,630,360,0
63072075,PR,PRI,630,1088,0
63072077,PR,PRI,630,2229,0
63072079,PR,PRI,630,412,0
63072081,PR,PRI,630,772,0
63072083,PR,PRI,630,219,0
63072085,PR,PRI,630,1606,0
63072087,PR,PRI,630,1237,0
63072089,PR,PRI,630,704,0
63072091,PR,PRI,630,1378,0
63072093,PR,PRI,630,100,0
63072095,PR,PRI,630,338,0
63072097,PR,PRI,630,1837,0
63072099,PR,PRI,630,1365,0
63072101,PR,PRI,630,1411,0
63072103,PR,PRI,630,1041,0
63072105,PR,PRI,630,1547,0
63072107,PR,PRI,630,862,0
63072888,PR,PRI,630,271,0
63072109,PR,PRI,630,356,0
63072111,PR,PRI,630,533,0
63072113,PR,PRI,630,3247,0
63072115,PR,PRI,630,874,0
63072117,PR,PRI,630,519,0
63072119,PR,PRI,630,2053,0
63072121,PR,PRI,630,363,0
63072123,PR,PRI,630,726,0
63072125,PR,PRI,630,592,0
63072127,PR,PRI,630,17842,0
63072129,PR,PRI,630,1719,0
63072131,PR,PRI,630,1275,0
63072133,PR,PRI,630,454,0
63072135,PR,PRI,630,3831,0
63072137,PR,PRI,630,3770,0
63072139,PR,PRI,630,2915,0
63072999,PR,PRI,630,3950,2384
63072141,PR,PRI,630,869,0
63072143,PR,PRI,630,1696,0
63072145,PR,PRI,630,2863,0
63072147,PR,PRI,630,122,0
63072149,PR,PRI,630,741,0
63072151,PR,PRI,630,1086,0
63072153,PR,PRI,630,806,0
84044001,US,USA,840,5063,142
84044003,US,USA,840,18337,360
84044005,US,USA,840,6737,41
84080044,US,USA,840,0,0
84044007,US,USA,840,96768,1957
84090044,US,USA,840,13315,26
84044009,US,USA,840,9877,168
84045001,US,USA,840,2572,41
84045003,US,USA,840,17274,222
84045005,US,USA,840,930,15
84045007,US,USA,840,22878,519
84045009,US,USA,840,1571,51
84045011,US,USA,840,2572,57
84045013,US,USA,840,16787,206
84045015,US,USA,840,17540,197
84045017,US,USA,840,1319,37
84045019,US,USA,840,43144,504
84045021,US,USA,840,6044,154
84045023,US,USA,840,4192,76
84045025,US,USA,840,4796,104
84045027,US,USA,840,3424,112
84045029,US,USA,840,3619,127
84045031,US,USA,840,8460,173
84045033,US,USA,840,4372,84
84045035,US,USA,840,17811,217
84045037,US,USA,840,3132,43
84045039,US,USA,840,2395,81
84045041,US,USA,840,17728,415
84045043,US,USA,840,6706,139
84045045,US,USA,840,74346,1004
84045047,US,USA,840,8148,173
84045049,US,USA,840,1914,51
84045051,US,USA,840,38913,575
84045053,US,USA,840,2346,45
84045055,US,USA,840,7475,140
84045057,US,USA,840,10720,168
84045059,US,USA,840,7378,172
84045061,US,USA,840,1908,59
84045063,US,USA,840,33303,482
84045067,US,USA,840,3530,107
84045069,US,USA,840,3352,54
84045065,US,USA,840,1023,28
84045071,US,USA,840,5005,104
84045073,US,USA,840,9651,133
84045075,US,USA,840,9745,249
84080045,US,USA,840,0,0
84045077,US,USA,840,18684,297
84045079,US,USA,840,46580,559
84045081,US,USA,840,1806,50
84045083,US,USA,840,41292,806
84045085,US,USA,840,10432,205
84090045,US,USA,840,0,0
84045087,US,USA,840,3140,83
84045089,US,USA,840,4065,98
84045091,US,USA,840,31197,380
84046003,US,USA,840,472,15
84046005,US,USA,840,2954,40
84046007,US,USA,840,391,9
84046009,US,USA,840,1547,27
84046011,US,USA,840,4208,37
84046013,US,USA,840,5566,92
84046015,US,USA,840,716,9
84046017,US,USA,840,426,13
84046019,US,USA,840,1058,20
84046021,US,USA,840,130,4
84046023,US,USA,840,1377,22
84046025,US,USA,840,461,5
84046027,US,USA,840,1921,15
84046029,US,USA,840,4632,81
84046031,US,USA,840,479,12
84046033,US,USA,840,853,12
84046035,US,USA,840,3230,66
84046037,US,USA,840,706,29
84046039,US,USA,840,527,9
84046041,US,USA,840,1472,28
84046043,US,USA,840,455,9
84046045,US,USA,840,512,13
84046047,US,USA,840,593,15
84046049,US,USA,840,371,13
84046051,US,USA,840,1048,42
84046053,US,USA,840,580,30
84046055,US,USA,840,263,10
84046057,US,USA,840,796,39
84046059,US,USA,840,362,6
84046061,US,USA,840,388,4
84046063,US,USA,840,97,1
84046065,US,USA,840,2495,39
84046067,US,USA,840,916,27
84046069,US,USA,840,141,1
84046071,US,USA,840,289,14
84046073,US,USA,840,276,16
84046075,US,USA,840,93,0
84046077,US,USA,840,818,18
84046079,US,USA,840,1363,20
84046081,US,USA,840,2976,47
84046083,US,USA,840,8671,77
84046085,US,USA,840,649,11
84046091,US,USA,840,372,6
84046087,US,USA,840,807,25
84046089,US,USA,840,246,4
84046093,US,USA,840,2760,30
84046095,US,USA,840,261,2
84046097,US,USA,840,304,9
84046099,US,USA,840,31561,355
84046101,US,USA,840,658,18
84046102,US,USA,840,2111,49
84080046,US,USA,840,0,0
84046103,US,USA,840,13726,193
84046105,US,USA,840,358,14
84046107,US,USA,840,390,4
84046109,US,USA,840,1359,39
84046111,US,USA,840,343,3
84046115,US,USA,840,843,26
84046117,US,USA,840,348,2
84046119,US,USA,840,142,3
84046121,US,USA,840,1224,30
84046123,US,USA,840,755,17
84046125,US,USA,840,1171,56
84090046,US,USA,840,0,0
84046127,US,USA,840,2220,43
84046129,US,USA,840,767,16
84046135,US,USA,840,3087,31
84046137,US,USA,840,344,9
84047001,US,USA,840,8769,171
84047003,US,USA,840,6513,129
84047005,US,USA,840,1666,40
84047007,US,USA,840,2147,11
84047009,US,USA,840,15514,195
84047011,US,USA,840,15073,151
84047013,US,USA,840,4168,63
84047015,US,USA,840,1924,31
84047017,US,USA,840,3626,83
84047019,US,USA,840,6642,158
84047021,US,USA,840,4562,56
84047023,US,USA,840,2149,51
84047025,US,USA,840,3186,73
84047027,US,USA,840,1103,31
84047029,US,USA,840,4518,99
84047031,US,USA,840,6914,122
84047033,US,USA,840,2032,49
84047035,US,USA,840,6749,133
84047037,US,USA,840,89499,940
84047041,US,USA,840,2805,54
84047039,US,USA,840,1590,39
84047043,US,USA,840,6845,113
84047045,US,USA,840,5430,106
84047047,US,USA,840,5098,77
84047049,US,USA,840,2423,47
84047051,US,USA,840,5157,90
84047053,US,USA,840,6531,146
84047055,US,USA,840,4004,100
84047057,US,USA,840,2633,50
84047059,US,USA,840,7899,156
84047061,US,USA,840,1793,34
84047063,US,USA,840,8620,173
84047065,US,USA,840,44416,495
84047067,US,USA,840,591,12
84047069,US,USA,840,3527,64
84047071,US,USA,840,3582,68
84047073,US,USA,840,6117,107
84047075,US,USA,840,2712,62
84047077,US,USA,840,3795,76
84047079,US,USA,840,3197,76
84047081,US,USA,840,2844,46
84047083,US,USA,840,1095,33
84047085,US,USA,840,1805,28
84047087,US,USA,840,1323,36
84047089,US,USA,840,6226,125
84047091,US,USA,840,2413,39
84047093,US,USA,840,50954,636
84047095,US,USA,840,1704,26
84047097,US,USA,840,3196,44
84047099,US,USA,840,5963,88
84047101,US,USA,840,1582,26
84047103,US,USA,840,4366,63
84047105,US,USA,840,6146,69
84047111,US,USA,840,3624,78
84047113,US,USA,840,11196,242
84047115,US,USA,840,3129,47
84047117,US,USA,840,4201,58
84047119,US,USA,840,13522,172
84047107,US,USA,840,6522,98
84047109,US,USA,840,2827,54
84047121,US,USA,840,1390,25
84047123,US,USA,840,5858,96
84047125,US,USA,840,20337,227
84047127,US,USA,840,1012,17
84047129,US,USA,840,2503,39
84047131,US,USA,840,4545,96
84080047,US,USA,840,18367,98
84047133,US,USA,840,3020,61
84047135,US,USA,840,1068,28
84047137,US,USA,840,760,24
84047139,US,USA,840,2081,24
84047141,US,USA,840,11410,175
84047143,US,USA,840,4353,75
84047145,US,USA,840,6305,105
84047147,US,USA,840,9776,131
84047149,US,USA,840,43118,436
84047151,US,USA,840,3136,45
84047153,US,USA,840,1707,29
84047155,US,USA,840,13421,175
84047157,US,USA,840,96058,1622
84047159,US,USA,840,2781,39
84047161,US,USA,840,1325,28
84047163,US,USA,840,16864,296
84047165,US,USA,840,24069,349
84047167,US,USA,840,7382,103
84047169,US,USA,840,2502,22
84090047,US,USA,840,16934,134
84047171,US,USA,840,2042,49
84047173,US,USA,840,1907,34
84047175,US,USA,840,852,23
84047177,US,USA,840,5548,81
84047179,US,USA,840,14644,245
84047181,US,USA,840,2965,34
84047183,US,USA,840,4150,65
84047185,US,USA,840,3665,70
84047187,US,USA,840,28063,217
84047189,US,USA,840,18843,236
84048001,US,USA,840,6213,122
84048003,US,USA,840,1816,47
84048005,US,USA,840,8545,280
84048007,US,USA,840,1250,40
84048009,US,USA,840,805,12
84048011,US,USA,840,194,6
84048013,US,USA,840,5763,150
84048015,US,USA,840,2158,35
84048017,US,USA,840,823,19
84048019,US,USA,840,1402,27
84048021,US,USA,840,9463,93
84048023,US,USA,840,298,12
84048025,US,USA,840,3492,72
84048027,US,USA,840,22512,419
84048029,US,USA,840,220054,3518
84048031,US,USA,840,734,20
84048033,US,USA,840,30,2
84048035,US,USA,840,1672,33
84048037,US,USA,840,6993,214
84048039,US,USA,840,37612,498
84048041,US,USA,840,26658,250
84048043,US,USA,840,929,16
84048045,US,USA,840,168,5
84048047,US,USA,840,804,36
84048049,US,USA,840,4254,119
84048051,US,USA,840,2417,48
84048053,US,USA,840,4757,64
84048055,US,USA,840,5639,97
84048057,US,USA,840,2317,23
84048059,US,USA,840,1191,40
84048061,US,USA,840,40630,1634
84048063,US,USA,840,1254,42
84048065,US,USA,840,526,14
84048067,US,USA,840,1921,82
84048069,US,USA,840,988,32
84048071,US,USA,840,4988,26
84048073,US,USA,840,4197,140
84048075,US,USA,840,1380,17
84048077,US,USA,840,1032,16
84048079,US,USA,840,305,15
84048081,US,USA,840,467,12
84048083,US,USA,840,749,33
84048085,US,USA,840,90685,830
84048087,US,USA,840,331,9
84048089,US,USA,840,1727,30
84048091,US,USA,840,10527,296
84048093,US,USA,840,1554,51
84048095,US,USA,840,383,8
84048097,US,USA,840,3727,72
84048099,US,USA,840,7252,86
84048101,US,USA,840,190,7
84048103,US,USA,840,531,12
84048105,US,USA,840,574,15
84048107,US,USA,840,655,29
84048109,US,USA,840,362,11
84048111,US,USA,840,984,25
84048113,US,USA,840,300786,4013
84048115,US,USA,840,1736,69
84048123,US,USA,840,1929,59
84048117,US,USA,840,2815,66
84048119,US,USA,840,320,12
84048121,US,USA,840,75133,753
84048125,US,USA,840,188,10
84048127,US,USA,840,2200,33
84048129,US,USA,840,420,15
84048131,US,USA,840,1256,41
84048133,US,USA,840,1353,49
84048135,US,USA,840,17289,370
84048137,US,USA,840,250,6
84048141,US,USA,840,134925,2677
84048139,US,USA,840,22797,310
84048143,US,USA,840,4189,69
84048145,US,USA,840,2088,32
84048147,US,USA,840,3474,108
84048149,US,USA,840,2720,63
84048151,US,USA,840,300,14
84048153,US,USA,840,853,30
84048155,US,USA,840,122,10
84048157,US,USA,840,67750,669
84048159,US,USA,840,731,26
84048161,US,USA,840,1919,50
84048163,US,USA,840,2870,51
84048165,US,USA,840,1443,43
84048167,US,USA,840,39551,415
84048169,US,USA,840,490,22
84048171,US,USA,840,2552,50
84048173,US,USA,840,104,2
84048175,US,USA,840,449,13
84048177,US,USA,840,2737,57
84048179,US,USA,840,2325,56
84048181,US,USA,840,11299,340
84048183,US,USA,840,11176,353
84048185,US,USA,840,3719,70
84048187,US,USA,840,14760,211
84048189,US,USA,840,6116,155
84048191,US,USA,840,470,14
84048193,US,USA,840,771,27
84048195,US,USA,840,900,24
84048197,US,USA,840,380,12
84048199,US,USA,840,5750,111
84048201,US,USA,840,395655,6286
84048203,US,USA,840,4863,109
84048205,US,USA,840,641,2
84048207,US,USA,840,445,27
84048209,US,USA,840,20660,241
84048211,US,USA,840,585,2
84048213,US,USA,840,5908,188
84048215,US,USA,840,89563,2839
84048217,US,USA,840,4502,108
84048219,US,USA,840,2827,103
84048221,US,USA,840,6558,129
84048223,US,USA,840,3108,109
84048225,US,USA,840,1640,52
84048227,US,USA,840,4641,101
84048229,US,USA,840,531,11
84048231,US,USA,840,6010,168
84048233,US,USA,840,2025,71
84048235,US,USA,840,127,1
84048237,US,USA,840,607,16
84048239,US,USA,840,1827,31
84048241,US,USA,840,2483,90
84048243,US,USA,840,190,5
84048245,US,USA,840,19669,425
84048247,US,USA,840,613,16
84048249,US,USA,840,4282,101
84048251,US,USA,840,19795,367
84048253,US,USA,840,2615,55
84048255,US,USA,840,2116,37
84048257,US,USA,840,16081,258
84048259,US,USA,840,3304,72
84048261,US,USA,840,39,2
84048263,US,USA,840,106,2
84048265,US,USA,840,4500,88
84048267,US,USA,840,265,6
84048269,US,USA,840,11,0
84048271,US,USA,840,347,6
84048273,US,USA,840,2645,93
84048275,US,USA,840,258,17
84048283,US,USA,840,1047,28
84048277,US,USA,840,5832,155
84048279,US,USA,840,2299,82
84048281,US,USA,840,2187,33
84048285,US,USA,840,2483,76
84048287,US,USA,840,2197,39
84048289,US,USA,840,1636,43
84048291,US,USA,840,7861,184
84048293,US,USA,840,2789,77
84048295,US,USA,840,345,12
84048297,US,USA,840,1132,22
84048299,US,USA,840,1666,51
84048301,US,USA,840,2,0
84048303,US,USA,840,49079,786
84048305,US,USA,840,619,23
84048313,US,USA,840,1966,29
84048315,US,USA,840,538,33
84048317,US,USA,840,634,19
84048319,US,USA,840,400,6
84048321,US,USA,840,4090,109
84048323,US,USA,840,10441,356
84048307,US,USA,840,573,19
84048309,US,USA,840,27183,471
84048311,US,USA,840,83,5
84048325,US,USA,840,5016,103
84048327,US,USA,840,211,9
84048329,US,USA,840,17541,268
84048331,US,USA,840,2531,48
84048333,US,USA,840,656,21
84048335,US,USA,840,605,30
84048337,US,USA,840,2087,71
84048339,US,USA,840,53338,570
84048341,US,USA,840,2729,72
84048343,US,USA,840,871,33
84048345,US,USA,840,115,8
84048347,US,USA,840,4535,169
84048349,US,USA,840,5801,141
84048351,US,USA,840,625,35
84048353,US,USA,840,1538,51
84048355,US,USA,840,42315,808
84048357,US,USA,840,1162,27
84048359,US,USA,840,276,4
84048361,US,USA,840,8513,147
84080048,US,USA,840,0,0
84048363,US,USA,840,2900,75
84048365,US,USA,840,1612,75
84048367,US,USA,840,15752,181
84048369,US,USA,840,1274,35
84048371,US,USA,840,1663,34
84048373,US,USA,840,3282,114
84048375,US,USA,840,17424,449
84048377,US,USA,840,819,24
84048379,US,USA,840,801,25
84048381,US,USA,840,16762,283
84048383,US,USA,840,382,8
84048385,US,USA,840,311,12
84048387,US,USA,840,695,37
84048389,US,USA,840,1845,43
84048391,US,USA,840,666,22
84048393,US,USA,840,61,1
84048395,US,USA,840,2146,43
84048397,US,USA,840,11535,153
84048399,US,USA,840,1291,37
84048401,US,USA,840,3968,107
84048403,US,USA,840,524,45
84048405,US,USA,840,573,32
84048407,US,USA,840,1304,38
84048409,US,USA,840,4360,150
84048411,US,USA,840,781,23
84048413,US,USA,840,236,6
84048415,US,USA,840,2422,62
84048417,US,USA,840,273,5
84048419,US,USA,840,1679,67
84048421,US,USA,840,232,12
84048423,US,USA,840,20286,469
84048425,US,USA,840,1080,14
84048427,US,USA,840,9514,297
84048429,US,USA,840,802,26
84048431,US,USA,840,108,4
84048433,US,USA,840,156,6
84048435,US,USA,840,469,8
84048437,US,USA,840,839,17
84048439,US,USA,840,258519,3456
84048441,US,USA,840,15723,408
84048443,US,USA,840,75,2
84048445,US,USA,840,1692,56
84048447,US,USA,840,73,5
84048449,US,USA,840,3717,83
84048451,US,USA,840,16819,269
84048453,US,USA,840,83062,1007
84048455,US,USA,840,757,26
84048457,US,USA,840,1326,39
84090048,US,USA,840,0,0
84048459,US,USA,840,3276,75
84048461,US,USA,840,370,10
84048463,US,USA,840,3575,72
84048465,US,USA,840,7860,221
84048467,US,USA,840,4327,117
84048469,US,USA,840,8777,209
84048471,US,USA,840,8805,126
84048473,US,USA,840,4150,46
84048475,US,USA,840,1193,24
84048477,US,USA,840,4073,93
84048479,US,USA,840,43738,788
84048481,US,USA,840,4120,115
84048483,US,USA,840,544,10
84048485,US,USA,840,15019,377
84048487,US,USA,840,1912,55
84048489,US,USA,840,2992,88
84048491,US,USA,840,46131,469
84048493,US,USA,840,4510,68
84048495,US,USA,840,769,21
84048497,US,USA,840,7334,121
84048499,US,USA,840,3436,128
84048501,US,USA,840,873,27
84048503,US,USA,840,2167,44
84048505,US,USA,840,1767,36
84048507,US,USA,840,1859,41
84070015,US,USA,840,21671,100
84049001,US,USA,840,0,0
84049003,US,USA,840,0,0
84049005,US,USA,840,0,0
84049007,US,USA,840,0,0
84070016,US,USA,840,8923,68
84049009,US,USA,840,0,0
84049011,US,USA,840,38052,169
84049013,US,USA,840,0,0
84049015,US,USA,840,0,0
84049017,US,USA,840,0,0
84049019,US,USA,840,0,0
84049021,US,USA,840,0,0
84049023,US,USA,840,0,0
84049025,US,USA,840,0,0
84049027,US,USA,840,0,0
84049029,US,USA,840,0,0
84080049,US,USA,840,0,0
84049031,US,USA,840,0,0
84049033,US,USA,840,0,0
84049035,US,USA,840,149226,861
84049037,US,USA,840,1903,37
84049039,US,USA,840,0,0
84049041,US,USA,840,0,0
84070017,US,USA,840,3509,27
84070018,US,USA,840,28861,268
84049043,US,USA,840,5540,12
84049045,US,USA,840,7261,42
84070019,US,USA,840,4049,36
84049047,US,USA,840,0,0
84090049,US,USA,840,912,0
84049049,US,USA,840,95940,382
84049051,US,USA,840,4641,21
84049053,US,USA,840,0,0
84049055,US,USA,840,0,0
84049057,US,USA,840,0,0
84070020,US,USA,840,30295,213
84050001,US,USA,840,1034,8
84050003,US,USA,840,1990,14
84050005,US,USA,840,1028,6
84050007,US,USA,840,7424,102
84050009,US,USA,840,281,2
84050011,US,USA,840,1989,39
84050013,US,USA,840,210,2
84050015,US,USA,840,867,3
84050017,US,USA,840,784,3
84050019,US,USA,840,1222,11
84080050,US,USA,840,0,0
84050021,US,USA,840,2175,20
84090050,US,USA,840,19,0
84050023,US,USA,840,1832,15
84050025,US,USA,840,1348,14
84050027,US,USA,840,1403,12
850,VI,VIR,850,3233,27
84051001,US,USA,840,2826,41
84051003,US,USA,840,5760,83
84051510,US,USA,840,11759,134
84051005,US,USA,840,1338,48
84051007,US,USA,840,897,32
84051009,US,USA,840,2920,36
84051011,US,USA,840,1592,25
84051013,US,USA,840,15239,254
84051015,US,USA,840,5787,71
84051017,US,USA,840,270,10
84051019,US,USA,840,6356,99
84051021,US,USA,840,676,10
84051023,US,USA,840,2524,36
84051520,US,USA,840,1504,33
84051025,US,USA,840,1312,22
84051027,US,USA,840,1424,40
84051029,US,USA,840,2129,30
84051530,US,USA,840,904,20
84051031,US,USA,840,4475,86
84051033,US,USA,840,2593,36
84051035,US,USA,840,2653,70
84051036,US,USA,840,500,16
84051037,US,USA,840,861,18
84051540,US,USA,840,4010,56
84051550,US,USA,840,20853,292
84051041,US,USA,840,27665,428
84051043,US,USA,840,977,19
84051570,US,USA,840,1707,61
84051580,US,USA,840,597,13
84051045,US,USA,840,311,5
84051047,US,USA,840,4624,62
84051049,US,USA,840,488,9
84051590,US,USA,840,4390,135
84051051,US,USA,840,934,15
84051053,US,USA,840,2118,43
84051595,US,USA,840,669,42
84051057,US,USA,840,761,9
84051059,US,USA,840,76460,1077
84051600,US,USA,840,556,19
84051610,US,USA,840,430,9
84051061,US,USA,840,4651,66
84051063,US,USA,840,853,21
84051065,US,USA,840,1914,18
84051067,US,USA,840,4032,76
84051620,US,USA,840,1131,32
84051069,US,USA,840,7939,100
84051630,US,USA,840,2122,23
84051640,US,USA,840,1164,52
84051071,US,USA,840,1278,22
84051073,US,USA,840,2194,48
84051075,US,USA,840,1438,23
84051077,US,USA,840,1462,35
84051079,US,USA,840,1258,18
84051081,US,USA,840,1575,25
84051083,US,USA,840,2804,77
84051650,US,USA,840,10428,177
84051085,US,USA,840,8030,155
84051660,US,USA,840,6477,95
84051087,US,USA,840,25257,608
84051089,US,USA,840,4575,122
84051091,US,USA,840,109,1
84051670,US,USA,840,2578,72
84051093,US,USA,840,3136,68
84051095,US,USA,840,4587,72
84051099,US,USA,840,1692,20
84051101,US,USA,840,1218,11
84051097,US,USA,840,396,8
84051103,US,USA,840,713,16
84051105,US,USA,840,2422,47
84051678,US,USA,840,1198,32
84051107,US,USA,840,27686,276
84051109,US,USA,840,1967,32
84051111,US,USA,840,763,13
84051680,US,USA,840,7744,149
84051113,US,USA,840,615,16
84051683,US,USA,840,4296,47
84051685,US,USA,840,1217,11
84051690,US,USA,840,1595,76
84051115,US,USA,840,597,12
84051117,US,USA,840,2298,67
84051119,US,USA,840,572,20
84051121,US,USA,840,9363,95
84051125,US,USA,840,892,12
84051127,US,USA,840,1486,17
84051700,US,USA,840,13932,226
84051710,US,USA,840,17594,256
84051131,US,USA,840,805,36
84051133,US,USA,840,743,20
84051720,US,USA,840,282,7
84051135,US,USA,840,1911,48
84051137,US,USA,840,2181,38
84080051,US,USA,840,0,0
84051139,US,USA,840,2035,57
84051141,US,USA,840,1350,43
84051730,US,USA,840,3858,84
84051143,US,USA,840,5533,80
84051735,US,USA,840,873,16
84051740,US,USA,840,9038,192
84051145,US,USA,840,1908,16
84051147,US,USA,840,2146,34
84051149,US,USA,840,3523,28
84051153,US,USA,840,45064,489
84051155,US,USA,840,2631,61
84051750,US,USA,840,2139,18
84051157,US,USA,840,354,2
84051159,US,USA,840,1511,15
84051760,US,USA,840,16940,259
84051161,US,USA,840,8232,144
84051770,US,USA,840,8441,192
84051163,US,USA,840,1525,46
84051165,US,USA,840,6739,107
84051167,US,USA,840,2258,38
84051775,US,USA,840,2154,47
84051169,US,USA,840,1827,54
84051171,US,USA,840,4300,131
84051173,US,USA,840,2945,92
84051175,US,USA,840,1973,56
84051177,US,USA,840,9928,117
84051179,US,USA,840,11239,79
84051790,US,USA,840,2527,71
84051800,US,USA,840,7891,188
84051181,US,USA,840,423,9
84051183,US,USA,840,1185,21
84051185,US,USA,840,3623,69
84090051,US,USA,840,0,0
84051810,US,USA,840,35797,395
84051187,US,USA,840,2943,55
84051191,US,USA,840,4895,108
84051820,US,USA,840,2370,38
84051193,US,USA,840,1281,26
84051830,US,USA,840,764,13
84051840,US,USA,840,2858,45
84051195,US,USA,840,3177,96
84051197,US,USA,840,2642,78
84051199,US,USA,840,3727,52
84053001,US,USA,840,2127,22
84053003,US,USA,840,1441,28
84053005,US,USA,840,16905,220
84053007,US,USA,840,6681,66
84053009,US,USA,840,1270,9
84053011,US,USA,840,23536,264
84053013,US,USA,840,120,5
84053015,US,USA,840,5889,87
84053017,US,USA,840,3570,22
84053019,US,USA,840,342,4
84053021,US,USA,840,12344,110
84053023,US,USA,840,122,5
84053025,US,USA,840,8823,74
84053027,US,USA,840,3954,64
84053029,US,USA,840,1725,30
84053031,US,USA,840,406,3
84053033,US,USA,840,105690,1538
84053035,US,USA,840,7998,108
84053037,US,USA,840,2951,33
84053039,US,USA,840,737,9
84053041,US,USA,840,4496,66
84053043,US,USA,840,503,8
84053045,US,USA,840,2709,29
84053047,US,USA,840,2500,39
84080053,US,USA,840,0,0
84053049,US,USA,840,918,10
84053051,US,USA,840,751,9
84053053,US,USA,840,51556,662
84053055,US,USA,840,175,0
84053057,US,USA,840,5589,70
84053059,US,USA,840,345,1
84053061,US,USA,840,37277,574
84053063,US,USA,840,42493,635
84053065,US,USA,840,2139,27
84053067,US,USA,840,9396,101
84090053,US,USA,840,1487,3
84053069,US,USA,840,110,0
84053071,US,USA,840,5050,65
84053073,US,USA,840,8855,93
84053075,US,USA,840,4222,48
84053077,US,USA,840,29728,452
84054001,US,USA,840,1432,27
84054003,US,USA,840,12347,123
84054005,US,USA,840,2023,34
84054007,US,USA,840,930,3
84054009,US,USA,840,2194,60
84054011,US,USA,840,8681,171
84054013,US,USA,840,326,0
84054015,US,USA,840,499,9
84054017,US,USA,840,595,6
84054019,US,USA,840,3437,76
84054021,US,USA,840,854,5
84054023,US,USA,840,1276,27
84054025,US,USA,840,2798,61
84054027,US,USA,840,1810,34
84054029,US,USA,840,2800,89
84054031,US,USA,840,1524,24
84054033,US,USA,840,5713,76
84054035,US,USA,840,2116,61
84054037,US,USA,840,4603,51
84054039,US,USA,840,14918,342
84054041,US,USA,840,1194,20
84054043,US,USA,840,1472,22
84054045,US,USA,840,3107,94
84054049,US,USA,840,4433,48
84054051,US,USA,840,3446,77
84054053,US,USA,840,2002,36
84054047,US,USA,840,1565,23
84054055,US,USA,840,4815,115
84054057,US,USA,840,2854,86
84054059,US,USA,840,2568,40
84054061,US,USA,840,9189,84
84054063,US,USA,840,1135,17
84054065,US,USA,840,1174,20
84054067,US,USA,840,1685,19
84054069,US,USA,840,4208,84
84080054,US,USA,840,0,0
84054071,US,USA,840,702,9
84054073,US,USA,840,881,11
84054075,US,USA,840,663,11
84054077,US,USA,840,2867,46
84054079,US,USA,840,5140,91
84054081,US,USA,840,6760,85
84054083,US,USA,840,2588,12
84054085,US,USA,840,703,11
84054087,US,USA,840,631,9
84054089,US,USA,840,820,22
84054091,US,USA,840,1228,23
84054093,US,USA,840,527,10
84054095,US,USA,840,708,10
84090054,US,USA,840,0,0
84054097,US,USA,840,1864,33
84054099,US,USA,840,3089,41
84054101,US,USA,840,482,7
84054103,US,USA,840,1332,29
84054105,US,USA,840,424,3
84054107,US,USA,840,7757,168
84054109,US,USA,840,1986,39
84055001,US,USA,840,1933,17
84055003,US,USA,840,1360,15
84055005,US,USA,840,5959,83
84055007,US,USA,840,1266,19
84055009,US,USA,840,35172,289
84055011,US,USA,840,1394,7
84055013,US,USA,840,1520,22
84055015,US,USA,840,6460,55
84055017,US,USA,840,7567,96
84055019,US,USA,840,3658,62
84055021,US,USA,840,5829,69
84055023,US,USA,840,1782,17
84055025,US,USA,840,46116,328
84055027,US,USA,840,12783,185
84055029,US,USA,840,2824,28
84055031,US,USA,840,4838,54
84055033,US,USA,840,5058,32
84055035,US,USA,840,11873,119
84055037,US,USA,840,501,12
84055039,US,USA,840,13647,121
84055041,US,USA,840,1039,26
84055043,US,USA,840,5685,92
84055045,US,USA,840,3621,24
84055047,US,USA,840,2012,22
84055049,US,USA,840,2116,11
84055051,US,USA,840,697,40
84055053,US,USA,840,2692,28
84055055,US,USA,840,9587,132
84055057,US,USA,840,3287,27
84055059,US,USA,840,18358,324
84055061,US,USA,840,2697,35
84055063,US,USA,840,13562,87
84055065,US,USA,840,1715,9
84055067,US,USA,840,2167,46
84055069,US,USA,840,3276,92
84055071,US,USA,840,8802,89
84055073,US,USA,840,16199,225
84055075,US,USA,840,4619,70
84055077,US,USA,840,1562,28
84055078,US,USA,840,812,11
84055079,US,USA,840,115987,1354
84055081,US,USA,840,4648,38
84055083,US,USA,840,5012,64
84055085,US,USA,840,3791,77
84080055,US,USA,840,0,0
84055087,US,USA,840,23597,222
84055089,US,USA,840,9175,94
84055091,US,USA,840,881,7
84055093,US,USA,840,4940,43
84055095,US,USA,840,4636,57
84055097,US,USA,840,7328,72
84055099,US,USA,840,1336,7
84055101,US,USA,840,24845,376
84055103,US,USA,840,1377,15
84055105,US,USA,840,17935,195
84055107,US,USA,840,1369,18
84055111,US,USA,840,6101,54
84055113,US,USA,840,1747,26
84055115,US,USA,840,5281,83
84055117,US,USA,840,14651,153
84055109,US,USA,840,9553,60
84055119,US,USA,840,2106,32
84055121,US,USA,840,3644,45
84090055,US,USA,840,0,0
84055123,US,USA,840,1992,42
84055125,US,USA,840,2397,41
84055127,US,USA,840,12302,159
84055129,US,USA,840,1550,22
84055131,US,USA,840,16737,168
84055133,US,USA,840,48689,581
84055135,US,USA,840,6020,164
84055137,US,USA,840,2501,37
84055139,US,USA,840,21244,219
84055141,US,USA,840,7557,93
84056001,US,USA,840,4373,12
84056003,US,USA,840,1155,33
84056005,US,USA,840,4864,60
84056007,US,USA,840,1590,23
84056009,US,USA,840,1002,17
84056011,US,USA,840,432,12
84056013,US,USA,840,5182,84
84056015,US,USA,840,1211,24
84056017,US,USA,840,368,3
84056019,US,USA,840,718,10
84056021,US,USA,840,9183,114
84056023,US,USA,840,1409,12
84056025,US,USA,840,7997,136
84056027,US,USA,840,161,2
84080056,US,USA,840,0,0
84056029,US,USA,840,2742,30
84056031,US,USA,840,625,11
84056033,US,USA,840,3167,31
84056035,US,USA,840,789,7
84056037,US,USA,840,4313,38
84056039,US,USA,840,3758,9
84056041,US,USA,840,2232,13
84090056,US,USA,840,0,0
84056043,US,USA,840,913,26
84056045,US,USA,840,651,5
